x-axis,1,2
second,Volt,Volt
-1.651400E+00,,
-1.649750E+00,+2.880653E+00,-6.744709E+00
-1.648100E+00,+2.845477E+00,-6.744709E+00
-1.646450E+00,+2.855528E+00,-6.744910E+00
-1.644800E+00,+2.815327E+00,-6.744910E+00
-1.643150E+00,+2.775126E+00,-6.744709E+00
-1.641500E+00,+2.724874E+00,-6.744910E+00
-1.639850E+00,+2.684673E+00,-6.744910E+00
-1.638200E+00,+2.674623E+00,-6.745111E+00
-1.636550E+00,+2.664573E+00,-6.745111E+00
-1.634900E+00,+2.644472E+00,-6.744910E+00
-1.633250E+00,+2.609296E+00,-6.744910E+00
-1.631600E+00,+2.574121E+00,-6.745312E+00
-1.629950E+00,+2.548995E+00,-6.745412E+00
-1.628300E+00,+2.508794E+00,-6.745211E+00
-1.626650E+00,+2.483668E+00,-6.745312E+00
-1.625000E+00,+2.463568E+00,-6.744910E+00
-1.623350E+00,+2.453518E+00,-6.744709E+00
-1.621700E+00,+2.408291E+00,-6.745010E+00
-1.620050E+00,+2.353015E+00,-6.745312E+00
-1.618400E+00,+2.282663E+00,-6.745714E+00
-1.616750E+00,+2.292714E+00,-6.745613E+00
-1.615100E+00,+2.252513E+00,-6.745211E+00
-1.613450E+00,+2.227387E+00,-6.745613E+00
-1.611800E+00,+2.212312E+00,-6.745312E+00
-1.610150E+00,+2.182161E+00,-6.745915E+00
-1.608500E+00,+2.167085E+00,-6.745613E+00
-1.606850E+00,+2.106784E+00,-6.745814E+00
-1.605200E+00,+2.066583E+00,-6.745613E+00
-1.603550E+00,+2.036432E+00,-6.745814E+00
-1.601900E+00,+1.961055E+00,-6.746015E+00
-1.600250E+00,+1.930904E+00,-6.746216E+00
-1.598600E+00,+1.880653E+00,-6.745814E+00
-1.596950E+00,+1.865578E+00,-6.746116E+00
-1.595300E+00,+1.840452E+00,-6.746216E+00
-1.593650E+00,+1.800251E+00,-6.746719E+00
-1.592000E+00,+1.780151E+00,-6.746518E+00
-1.590350E+00,+1.765075E+00,-6.746518E+00
-1.588700E+00,+1.729899E+00,-6.746518E+00
-1.587050E+00,+1.669598E+00,-6.746719E+00
-1.585400E+00,+1.659548E+00,-6.746417E+00
-1.583750E+00,+1.619347E+00,-6.746819E+00
-1.582100E+00,+1.579146E+00,-6.746618E+00
-1.580450E+00,+1.528894E+00,-6.746719E+00
-1.578800E+00,+1.483668E+00,-6.747020E+00
-1.577150E+00,+1.458543E+00,-6.746819E+00
-1.575500E+00,+1.428392E+00,-6.746920E+00
-1.573850E+00,+1.383166E+00,-6.747020E+00
-1.572200E+00,+1.353015E+00,-6.747422E+00
-1.570550E+00,+1.322864E+00,-6.747221E+00
-1.568900E+00,+1.277638E+00,-6.747422E+00
-1.567250E+00,+1.242462E+00,-6.747925E+00
-1.565600E+00,+1.197236E+00,-6.747422E+00
-1.563950E+00,+1.162060E+00,-6.747523E+00
-1.562300E+00,+1.126884E+00,-6.747523E+00
-1.560650E+00,+1.096734E+00,-6.747824E+00
-1.559000E+00,+1.051508E+00,-6.747623E+00
-1.557350E+00,+1.016332E+00,-6.747724E+00
-1.555700E+00,+991.206E-03,-6.748327E+00
-1.554050E+00,+951.005E-03,-6.748126E+00
-1.552400E+00,+910.804E-03,-6.748628E+00
-1.550750E+00,+865.578E-03,-6.748327E+00
-1.549100E+00,+825.377E-03,-6.748729E+00
-1.547450E+00,+795.226E-03,-6.748829E+00
-1.545800E+00,+750.000E-03,-6.748729E+00
-1.544150E+00,+719.849E-03,-6.748628E+00
-1.542500E+00,+669.598E-03,-6.748528E+00
-1.540850E+00,+619.347E-03,-6.748829E+00
-1.539200E+00,+559.045E-03,-6.748930E+00
-1.537550E+00,+538.945E-03,-6.749231E+00
-1.535900E+00,+523.869E-03,-6.749231E+00
-1.534250E+00,+448.492E-03,-6.749231E+00
-1.532600E+00,+423.367E-03,-6.749533E+00
-1.530950E+00,+368.090E-03,-6.749633E+00
-1.529300E+00,+347.990E-03,-6.749935E+00
-1.527650E+00,+307.789E-03,-6.749834E+00
-1.526000E+00,+262.563E-03,-6.749935E+00
-1.524350E+00,+242.462E-03,-6.749834E+00
-1.522700E+00,+192.211E-03,-6.749834E+00
-1.521050E+00,+131.910E-03,-6.749533E+00
-1.519400E+00,+76.633E-03,-6.750236E+00
-1.517750E+00,+51.508E-03,-6.750337E+00
-1.516100E+00,+26.382E-03,-6.750638E+00
-1.514450E+00,-33.920E-03,-6.750739E+00
-1.512800E+00,-59.045E-03,-6.750839E+00
-1.511150E+00,-74.121E-03,-6.750739E+00
-1.509500E+00,-124.372E-03,-6.750839E+00
-1.507850E+00,-179.648E-03,-6.751342E+00
-1.506200E+00,-199.749E-03,-6.751141E+00
-1.504550E+00,-260.050E-03,-6.751141E+00
-1.502900E+00,-290.201E-03,-6.751040E+00
-1.501250E+00,-360.553E-03,-6.751141E+00
-1.499600E+00,-415.829E-03,-6.751141E+00
-1.497950E+00,-435.930E-03,-6.750739E+00
-1.496300E+00,-451.005E-03,-6.751442E+00
-1.494650E+00,-496.231E-03,-6.751543E+00
-1.493000E+00,-546.482E-03,-6.751744E+00
-1.491350E+00,-561.558E-03,-6.751744E+00
-1.489700E+00,-606.784E-03,-6.752347E+00
-1.488050E+00,-652.010E-03,-6.751945E+00
-1.486400E+00,-707.286E-03,-6.752146E+00
-1.484750E+00,-742.462E-03,-6.752146E+00
-1.483100E+00,-777.638E-03,-6.752347E+00
-1.481450E+00,-832.915E-03,-6.752447E+00
-1.479800E+00,-863.065E-03,-6.751844E+00
-1.478150E+00,-903.266E-03,-6.752146E+00
-1.476500E+00,-923.367E-03,-6.752749E+00
-1.474850E+00,-988.693E-03,-6.752648E+00
-1.473200E+00,-1.003769E+00,-6.752849E+00
-1.471550E+00,-1.043970E+00,-6.753251E+00
-1.469900E+00,-1.079146E+00,-6.753251E+00
-1.468250E+00,-1.129397E+00,-6.753352E+00
-1.466600E+00,-1.169598E+00,-6.753352E+00
-1.464950E+00,-1.194724E+00,-6.753452E+00
-1.463300E+00,-1.219849E+00,-6.753452E+00
-1.461650E+00,-1.260050E+00,-6.753653E+00
-1.460000E+00,-1.295226E+00,-6.753754E+00
-1.458350E+00,-1.370603E+00,-6.753653E+00
-1.456700E+00,-1.380653E+00,-6.753754E+00
-1.455050E+00,-1.405779E+00,-6.754256E+00
-1.453400E+00,-1.440955E+00,-6.754256E+00
-1.451750E+00,-1.486181E+00,-6.754658E+00
-1.450100E+00,-1.496231E+00,-6.754357E+00
-1.448450E+00,-1.521357E+00,-6.754960E+00
-1.446800E+00,-1.616834E+00,-6.754759E+00
-1.445150E+00,-1.652010E+00,-6.754658E+00
-1.443500E+00,-1.672111E+00,-6.754658E+00
-1.441850E+00,-1.702261E+00,-6.754960E+00
-1.440200E+00,-1.747487E+00,-6.754759E+00
-1.438550E+00,-1.767588E+00,-6.755261E+00
-1.436900E+00,-1.792714E+00,-6.755060E+00
-1.435250E+00,-1.847990E+00,-6.755261E+00
-1.433600E+00,-1.893216E+00,-6.755462E+00
-1.431950E+00,-1.938442E+00,-6.755663E+00
-1.430300E+00,-1.963568E+00,-6.755764E+00
-1.428650E+00,-1.993719E+00,-6.755864E+00
-1.427000E+00,-2.048995E+00,-6.755965E+00
-1.425350E+00,-2.069095E+00,-6.755864E+00
-1.423700E+00,-2.074121E+00,-6.755764E+00
-1.422050E+00,-2.129397E+00,-6.755965E+00
-1.420400E+00,-2.184673E+00,-6.755764E+00
-1.418750E+00,-2.244975E+00,-6.756367E+00
-1.417100E+00,-2.260050E+00,-6.756367E+00
-1.415450E+00,-2.270101E+00,-6.756166E+00
-1.413800E+00,-2.315327E+00,-6.756367E+00
-1.412150E+00,-2.360553E+00,-6.756769E+00
-1.410500E+00,-2.355528E+00,-6.756970E+00
-1.408850E+00,-2.360553E+00,-6.756668E+00
-1.407200E+00,-2.415829E+00,-6.756668E+00
-1.405550E+00,-2.445980E+00,-6.757070E+00
-1.403900E+00,-2.476131E+00,-6.757271E+00
-1.402250E+00,-2.501256E+00,-6.757171E+00
-1.400600E+00,-2.561558E+00,-6.757070E+00
-1.398950E+00,-2.596734E+00,-6.757472E+00
-1.397300E+00,-2.621859E+00,-6.757573E+00
-1.395650E+00,-2.621859E+00,-6.757472E+00
-1.394000E+00,-2.672111E+00,-6.757673E+00
-1.392350E+00,-2.672111E+00,-6.757975E+00
-1.390700E+00,-2.687186E+00,-6.757774E+00
-1.389050E+00,-2.712312E+00,-6.757874E+00
-1.387400E+00,-2.747487E+00,-6.758176E+00
-1.385750E+00,-2.762563E+00,-6.758176E+00
-1.384100E+00,-2.817839E+00,-6.758276E+00
-1.382450E+00,-2.853015E+00,-6.758176E+00
-1.380800E+00,-2.873116E+00,-6.758377E+00
-1.379150E+00,-2.923367E+00,-6.758377E+00
-1.377500E+00,-2.943467E+00,-6.758477E+00
-1.375850E+00,-2.978643E+00,-6.758678E+00
-1.374200E+00,-3.003769E+00,-6.758779E+00
-1.372550E+00,-3.008794E+00,-6.758779E+00
-1.370900E+00,-3.023869E+00,-6.758980E+00
-1.369250E+00,-3.043970E+00,-6.759281E+00
-1.367600E+00,-3.064070E+00,-6.758980E+00
-1.365950E+00,-3.124372E+00,-6.759181E+00
-1.364300E+00,-3.144472E+00,-6.759382E+00
-1.362650E+00,-3.164573E+00,-6.759281E+00
-1.361000E+00,-3.199749E+00,-6.759382E+00
-1.359350E+00,-3.250000E+00,-6.759482E+00
-1.357700E+00,-3.260050E+00,-6.759784E+00
-1.356050E+00,-3.265075E+00,-6.759683E+00
-1.354400E+00,-3.290201E+00,-6.759382E+00
-1.352750E+00,-3.290201E+00,-6.760085E+00
-1.351100E+00,-3.325377E+00,-6.760085E+00
-1.349450E+00,-3.330402E+00,-6.760186E+00
-1.347800E+00,-3.340452E+00,-6.760085E+00
-1.346150E+00,-3.380653E+00,-6.760286E+00
-1.344500E+00,-3.410804E+00,-6.760286E+00
-1.342850E+00,-3.405779E+00,-6.760387E+00
-1.341200E+00,-3.435930E+00,-6.760186E+00
-1.339550E+00,-3.466080E+00,-6.760588E+00
-1.337900E+00,-3.486181E+00,-6.760387E+00
-1.336250E+00,-3.491206E+00,-6.760688E+00
-1.334600E+00,-3.521357E+00,-6.760487E+00
-1.332950E+00,-3.536432E+00,-6.760688E+00
-1.331300E+00,-3.551508E+00,-6.760990E+00
-1.329650E+00,-3.551508E+00,-6.760789E+00
-1.328000E+00,-3.571608E+00,-6.761091E+00
-1.326350E+00,-3.576633E+00,-6.760889E+00
-1.324700E+00,-3.646985E+00,-6.761493E+00
-1.323050E+00,-3.667085E+00,-6.761091E+00
-1.321400E+00,-3.687186E+00,-6.760889E+00
-1.319750E+00,-3.717337E+00,-6.761191E+00
-1.318100E+00,-3.712312E+00,-6.761292E+00
-1.316450E+00,-3.687186E+00,-6.761191E+00
-1.314800E+00,-3.712312E+00,-6.761593E+00
-1.313150E+00,-3.732412E+00,-6.761694E+00
-1.311500E+00,-3.732412E+00,-6.761593E+00
-1.309850E+00,-3.722362E+00,-6.761593E+00
-1.308200E+00,-3.742462E+00,-6.761493E+00
-1.306550E+00,-3.762563E+00,-6.761493E+00
-1.304900E+00,-3.777638E+00,-6.761794E+00
-1.303250E+00,-3.797739E+00,-6.761694E+00
-1.301600E+00,-3.797739E+00,-6.761794E+00
-1.299950E+00,-3.807789E+00,-6.761895E+00
-1.298300E+00,-3.827889E+00,-6.761794E+00
-1.296650E+00,-3.827889E+00,-6.762096E+00
-1.295000E+00,-3.842965E+00,-6.762297E+00
-1.293350E+00,-3.853015E+00,-6.762096E+00
-1.291700E+00,-3.847990E+00,-6.762196E+00
-1.290050E+00,-3.868090E+00,-6.762498E+00
-1.288400E+00,-3.863065E+00,-6.762196E+00
-1.286750E+00,-3.863065E+00,-6.762498E+00
-1.285100E+00,-3.858040E+00,-6.762498E+00
-1.283450E+00,-3.863065E+00,-6.762699E+00
-1.281800E+00,-3.873116E+00,-6.762498E+00
-1.280150E+00,-3.893216E+00,-6.762598E+00
-1.278500E+00,-3.918342E+00,-6.762699E+00
-1.276850E+00,-3.898241E+00,-6.762598E+00
-1.275200E+00,-3.898241E+00,-6.762699E+00
-1.273550E+00,-3.913317E+00,-6.762297E+00
-1.271900E+00,-3.928392E+00,-6.762900E+00
-1.270250E+00,-3.928392E+00,-6.762799E+00
-1.268600E+00,-3.908291E+00,-6.763000E+00
-1.266950E+00,-3.913317E+00,-6.762699E+00
-1.265300E+00,-3.918342E+00,-6.762699E+00
-1.263650E+00,-3.928392E+00,-6.762900E+00
-1.262000E+00,-3.953518E+00,-6.763101E+00
-1.260350E+00,-3.953518E+00,-6.762900E+00
-1.258700E+00,-3.978643E+00,-6.763201E+00
-1.257050E+00,-3.943467E+00,-6.763201E+00
-1.255400E+00,-3.918342E+00,-6.763302E+00
-1.253750E+00,-3.923367E+00,-6.763000E+00
-1.252100E+00,-3.928392E+00,-6.763101E+00
-1.250450E+00,-3.908291E+00,-6.762699E+00
-1.248800E+00,-3.903266E+00,-6.763201E+00
-1.247150E+00,-3.918342E+00,-6.763201E+00
-1.245500E+00,-3.918342E+00,-6.763503E+00
-1.243850E+00,-3.918342E+00,-6.763201E+00
-1.242200E+00,-3.913317E+00,-6.763201E+00
-1.240550E+00,-3.903266E+00,-6.763402E+00
-1.238900E+00,-3.908291E+00,-6.763402E+00
-1.237250E+00,-3.873116E+00,-6.763402E+00
-1.235600E+00,-3.878141E+00,-6.763302E+00
-1.233950E+00,-3.878141E+00,-6.763503E+00
-1.232300E+00,-3.863065E+00,-6.763503E+00
-1.230650E+00,-3.853015E+00,-6.763402E+00
-1.229000E+00,-3.822864E+00,-6.763402E+00
-1.227350E+00,-3.853015E+00,-6.763402E+00
-1.225700E+00,-3.847990E+00,-6.763603E+00
-1.224050E+00,-3.832915E+00,-6.763402E+00
-1.222400E+00,-3.807789E+00,-6.763603E+00
-1.220750E+00,-3.817839E+00,-6.763402E+00
-1.219100E+00,-3.802764E+00,-6.763704E+00
-1.217450E+00,-3.782663E+00,-6.763101E+00
-1.215800E+00,-3.752513E+00,-6.763503E+00
-1.214150E+00,-3.757538E+00,-6.763302E+00
-1.212500E+00,-3.732412E+00,-6.763402E+00
-1.210850E+00,-3.697236E+00,-6.763402E+00
-1.209200E+00,-3.702261E+00,-6.763503E+00
-1.207550E+00,-3.697236E+00,-6.763402E+00
-1.205900E+00,-3.672111E+00,-6.763201E+00
-1.204250E+00,-3.672111E+00,-6.763603E+00
-1.202600E+00,-3.682161E+00,-6.763201E+00
-1.200950E+00,-3.677136E+00,-6.763503E+00
-1.199300E+00,-3.667085E+00,-6.763302E+00
-1.197650E+00,-3.631910E+00,-6.763302E+00
-1.196000E+00,-3.611809E+00,-6.763503E+00
-1.194350E+00,-3.596734E+00,-6.763302E+00
-1.192700E+00,-3.586683E+00,-6.763603E+00
-1.191050E+00,-3.581658E+00,-6.763503E+00
-1.189400E+00,-3.541457E+00,-6.763804E+00
-1.187750E+00,-3.536432E+00,-6.763302E+00
-1.186100E+00,-3.496231E+00,-6.763704E+00
-1.184450E+00,-3.486181E+00,-6.763503E+00
-1.182800E+00,-3.476131E+00,-6.763603E+00
-1.181150E+00,-3.451005E+00,-6.763402E+00
-1.179500E+00,-3.435930E+00,-6.763000E+00
-1.177850E+00,-3.425879E+00,-6.763704E+00
-1.176200E+00,-3.395729E+00,-6.763603E+00
-1.174550E+00,-3.370603E+00,-6.763302E+00
-1.172900E+00,-3.360553E+00,-6.763201E+00
-1.171250E+00,-3.325377E+00,-6.763101E+00
-1.169600E+00,-3.315327E+00,-6.763402E+00
-1.167950E+00,-3.300251E+00,-6.763302E+00
-1.166300E+00,-3.275126E+00,-6.763101E+00
-1.164650E+00,-3.275126E+00,-6.763302E+00
-1.163000E+00,-3.239950E+00,-6.763101E+00
-1.161350E+00,-3.224874E+00,-6.763201E+00
-1.159700E+00,-3.204774E+00,-6.763402E+00
-1.158050E+00,-3.169598E+00,-6.763302E+00
-1.156400E+00,-3.139447E+00,-6.763302E+00
-1.154750E+00,-3.119347E+00,-6.763201E+00
-1.153100E+00,-3.089196E+00,-6.763101E+00
-1.151450E+00,-3.084171E+00,-6.763101E+00
-1.149800E+00,-3.048995E+00,-6.763101E+00
-1.148150E+00,-3.023869E+00,-6.763000E+00
-1.146500E+00,-2.998744E+00,-6.763101E+00
-1.144850E+00,-2.968593E+00,-6.762799E+00
-1.143200E+00,-2.953518E+00,-6.762699E+00
-1.141550E+00,-2.938442E+00,-6.762598E+00
-1.139900E+00,-2.923367E+00,-6.762699E+00
-1.138250E+00,-2.883166E+00,-6.762598E+00
-1.136600E+00,-2.837940E+00,-6.762397E+00
-1.134950E+00,-2.822864E+00,-6.762397E+00
-1.133300E+00,-2.792714E+00,-6.762699E+00
-1.131650E+00,-2.777638E+00,-6.762498E+00
-1.130000E+00,-2.747487E+00,-6.762699E+00
-1.128350E+00,-2.692211E+00,-6.762799E+00
-1.126700E+00,-2.657035E+00,-6.762397E+00
-1.125050E+00,-2.646985E+00,-6.762598E+00
-1.123400E+00,-2.631910E+00,-6.762397E+00
-1.121750E+00,-2.591709E+00,-6.762397E+00
-1.120100E+00,-2.561558E+00,-6.761995E+00
-1.118450E+00,-2.531407E+00,-6.762297E+00
-1.116800E+00,-2.491206E+00,-6.762096E+00
-1.115150E+00,-2.456030E+00,-6.761794E+00
-1.113500E+00,-2.445980E+00,-6.762096E+00
-1.111850E+00,-2.420854E+00,-6.762196E+00
-1.110200E+00,-2.370603E+00,-6.762196E+00
-1.108550E+00,-2.320352E+00,-6.761794E+00
-1.106900E+00,-2.300251E+00,-6.762196E+00
-1.105250E+00,-2.250000E+00,-6.761794E+00
-1.103600E+00,-2.209799E+00,-6.761895E+00
-1.101950E+00,-2.224874E+00,-6.761593E+00
-1.100300E+00,-2.204774E+00,-6.761593E+00
-1.098650E+00,-2.164573E+00,-6.761895E+00
-1.097000E+00,-2.089196E+00,-6.761392E+00
-1.095350E+00,-2.074121E+00,-6.761794E+00
-1.093700E+00,-2.038945E+00,-6.761191E+00
-1.092050E+00,-2.023869E+00,-6.761493E+00
-1.090400E+00,-1.968593E+00,-6.761191E+00
-1.088750E+00,-1.923367E+00,-6.761292E+00
-1.087100E+00,-1.913317E+00,-6.760889E+00
-1.085450E+00,-1.863065E+00,-6.760889E+00
-1.083800E+00,-1.842965E+00,-6.760990E+00
-1.082150E+00,-1.802764E+00,-6.760789E+00
-1.080500E+00,-1.787688E+00,-6.760688E+00
-1.078850E+00,-1.752513E+00,-6.760889E+00
-1.077200E+00,-1.677136E+00,-6.760387E+00
-1.075550E+00,-1.646985E+00,-6.760487E+00
-1.073900E+00,-1.646985E+00,-6.760688E+00
-1.072250E+00,-1.601759E+00,-6.760588E+00
-1.070600E+00,-1.541457E+00,-6.760387E+00
-1.068950E+00,-1.491206E+00,-6.760286E+00
-1.067300E+00,-1.481156E+00,-6.760588E+00
-1.065650E+00,-1.461055E+00,-6.760186E+00
-1.064000E+00,-1.420854E+00,-6.759985E+00
-1.062350E+00,-1.380653E+00,-6.759784E+00
-1.060700E+00,-1.350503E+00,-6.759784E+00
-1.059050E+00,-1.325377E+00,-6.759683E+00
-1.057400E+00,-1.270101E+00,-6.759884E+00
-1.055750E+00,-1.265075E+00,-6.759583E+00
-1.054100E+00,-1.224874E+00,-6.759683E+00
-1.052450E+00,-1.164573E+00,-6.759382E+00
-1.050800E+00,-1.094221E+00,-6.759482E+00
-1.049150E+00,-1.074121E+00,-6.759482E+00
-1.047500E+00,-1.048995E+00,-6.758980E+00
-1.045850E+00,-998.744E-03,-6.759080E+00
-1.044200E+00,-978.643E-03,-6.758879E+00
-1.042550E+00,-938.442E-03,-6.758879E+00
-1.040900E+00,-903.266E-03,-6.758477E+00
-1.039250E+00,-868.090E-03,-6.758276E+00
-1.037600E+00,-817.839E-03,-6.758779E+00
-1.035950E+00,-767.588E-03,-6.758377E+00
-1.034300E+00,-737.437E-03,-6.758377E+00
-1.032650E+00,-697.236E-03,-6.758477E+00
-1.031000E+00,-636.935E-03,-6.758176E+00
-1.029350E+00,-606.784E-03,-6.758477E+00
-1.027700E+00,-576.633E-03,-6.758377E+00
-1.026050E+00,-546.482E-03,-6.757975E+00
-1.024400E+00,-521.357E-03,-6.757975E+00
-1.022750E+00,-481.156E-03,-6.757573E+00
-1.021100E+00,-456.030E-03,-6.757673E+00
-1.019450E+00,-405.779E-03,-6.757472E+00
-1.017800E+00,-345.477E-03,-6.757673E+00
-1.016150E+00,-285.176E-03,-6.757171E+00
-1.014500E+00,-260.050E-03,-6.757070E+00
-1.012850E+00,-229.900E-03,-6.757070E+00
-1.011200E+00,-194.724E-03,-6.757171E+00
-1.009550E+00,-184.673E-03,-6.757070E+00
-1.007900E+00,-139.447E-03,-6.757070E+00
-1.006250E+00,-109.297E-03,-6.756970E+00
-1.004600E+00,-64.070E-03,-6.756769E+00
-1.002950E+00,-38.945E-03,-6.756769E+00
-1.001300E+00,+1.256E-03,-6.756467E+00
-999.650E-03,+56.533E-03,-6.756367E+00
-998.000E-03,+101.759E-03,-6.756467E+00
-996.350E-03,+152.010E-03,-6.756467E+00
-994.700E-03,+207.286E-03,-6.756467E+00
-993.050E-03,+252.513E-03,-6.756266E+00
-991.400E-03,+267.588E-03,-6.756065E+00
-989.750E-03,+322.864E-03,-6.755864E+00
-988.100E-03,+342.965E-03,-6.755764E+00
-986.450E-03,+388.191E-03,-6.755764E+00
-984.800E-03,+443.467E-03,-6.755261E+00
-983.150E-03,+463.568E-03,-6.755563E+00
-981.500E-03,+488.693E-03,-6.755261E+00
-979.850E-03,+508.794E-03,-6.754960E+00
-978.200E-03,+569.095E-03,-6.755261E+00
-976.550E-03,+629.397E-03,-6.754960E+00
-974.900E-03,+679.648E-03,-6.755261E+00
-973.250E-03,+694.724E-03,-6.754960E+00
-971.600E-03,+739.950E-03,-6.754859E+00
-969.950E-03,+795.226E-03,-6.754960E+00
-968.300E-03,+815.327E-03,-6.754558E+00
-966.650E-03,+840.452E-03,-6.754457E+00
-965.000E-03,+885.678E-03,-6.754256E+00
-963.350E-03,+935.930E-03,-6.753955E+00
-961.700E-03,+971.105E-03,-6.754156E+00
-960.050E-03,+1.001256E+00,-6.754055E+00
-958.400E-03,+1.026382E+00,-6.753553E+00
-956.750E-03,+1.076633E+00,-6.753452E+00
-955.100E-03,+1.116834E+00,-6.753352E+00
-953.450E-03,+1.141960E+00,-6.753854E+00
-951.800E-03,+1.167085E+00,-6.753653E+00
-950.150E-03,+1.222362E+00,-6.753352E+00
-948.500E-03,+1.277638E+00,-6.753151E+00
-946.850E-03,+1.297739E+00,-6.753251E+00
-945.200E-03,+1.307789E+00,-6.753352E+00
-943.550E-03,+1.363065E+00,-6.752950E+00
-941.900E-03,+1.398241E+00,-6.752447E+00
-940.250E-03,+1.388191E+00,-6.753050E+00
-938.600E-03,+1.428392E+00,-6.752347E+00
-936.950E-03,+1.493719E+00,-6.752849E+00
-935.300E-03,+1.523869E+00,-6.752447E+00
-933.650E-03,+1.564070E+00,-6.752347E+00
-932.000E-03,+1.614322E+00,-6.752447E+00
-930.350E-03,+1.654523E+00,-6.752447E+00
-928.700E-03,+1.669598E+00,-6.752548E+00
-927.050E-03,+1.684673E+00,-6.752347E+00
-925.400E-03,+1.719849E+00,-6.751945E+00
-923.750E-03,+1.760050E+00,-6.751844E+00
-922.100E-03,+1.785176E+00,-6.752146E+00
-920.450E-03,+1.830402E+00,-6.751543E+00
-918.800E-03,+1.850502E+00,-6.751643E+00
-917.150E-03,+1.900754E+00,-6.751543E+00
-915.500E-03,+1.925879E+00,-6.751543E+00
-913.850E-03,+1.930904E+00,-6.751241E+00
-912.200E-03,+1.966080E+00,-6.751141E+00
-910.550E-03,+2.011306E+00,-6.751442E+00
-908.900E-03,+2.061558E+00,-6.751241E+00
-907.250E-03,+2.086683E+00,-6.751040E+00
-905.600E-03,+2.121859E+00,-6.750940E+00
-903.950E-03,+2.126884E+00,-6.750739E+00
-902.300E-03,+2.141960E+00,-6.750437E+00
-900.650E-03,+2.131910E+00,-6.750638E+00
-899.000E-03,+2.172111E+00,-6.750538E+00
-897.350E-03,+2.222362E+00,-6.750538E+00
-895.700E-03,+2.272613E+00,-6.750839E+00
-894.050E-03,+2.312814E+00,-6.750437E+00
-892.400E-03,+2.342965E+00,-6.750236E+00
-890.750E-03,+2.388191E+00,-6.750236E+00
-889.100E-03,+2.408291E+00,-6.750136E+00
-887.450E-03,+2.413317E+00,-6.750136E+00
-885.800E-03,+2.433417E+00,-6.749834E+00
-884.150E-03,+2.483668E+00,-6.749834E+00
-882.500E-03,+2.498744E+00,-6.749834E+00
-880.850E-03,+2.508794E+00,-6.749734E+00
-879.200E-03,+2.554020E+00,-6.749633E+00
-877.550E-03,+2.604271E+00,-6.749432E+00
-875.900E-03,+2.629397E+00,-6.749533E+00
-874.250E-03,+2.659548E+00,-6.749332E+00
-872.600E-03,+2.689698E+00,-6.749332E+00
-870.950E-03,+2.719849E+00,-6.749231E+00
-869.300E-03,+2.739950E+00,-6.748930E+00
-867.650E-03,+2.739950E+00,-6.749131E+00
-866.000E-03,+2.755025E+00,-6.749332E+00
-864.350E-03,+2.780151E+00,-6.748829E+00
-862.700E-03,+2.805276E+00,-6.748427E+00
-861.050E-03,+2.835427E+00,-6.747925E+00
-859.400E-03,+2.850502E+00,-6.748226E+00
-857.750E-03,+2.865578E+00,-6.748327E+00
-856.100E-03,+2.895729E+00,-6.748528E+00
-854.450E-03,+2.935930E+00,-6.748427E+00
-852.800E-03,+2.940955E+00,-6.748226E+00
-851.150E-03,+2.971105E+00,-6.748427E+00
-849.500E-03,+3.001256E+00,-6.747824E+00
-847.850E-03,+3.021357E+00,-6.748126E+00
-846.200E-03,+3.016332E+00,-6.748025E+00
-844.550E-03,+3.046482E+00,-6.747925E+00
-842.900E-03,+3.056533E+00,-6.747322E+00
-841.250E-03,+3.081658E+00,-6.747221E+00
-839.600E-03,+3.081658E+00,-6.747322E+00
-837.950E-03,+3.131909E+00,-6.747121E+00
-836.300E-03,+3.152010E+00,-6.747221E+00
-834.650E-03,+3.152010E+00,-6.747322E+00
-833.000E-03,+3.146985E+00,-6.747322E+00
-831.350E-03,+3.182161E+00,-6.747121E+00
-829.700E-03,+3.212311E+00,-6.747121E+00
-828.050E-03,+3.212311E+00,-6.747121E+00
-826.400E-03,+3.242462E+00,-6.746819E+00
-824.750E-03,+3.247487E+00,-6.746819E+00
-823.100E-03,+3.262563E+00,-6.746719E+00
-821.450E-03,+3.257538E+00,-6.746819E+00
-819.800E-03,+3.277638E+00,-6.746317E+00
-818.150E-03,+3.302764E+00,-6.746719E+00
-816.500E-03,+3.307789E+00,-6.746317E+00
-814.850E-03,+3.317839E+00,-6.746618E+00
-813.200E-03,+3.332915E+00,-6.746417E+00
-811.550E-03,+3.368090E+00,-6.746317E+00
-809.900E-03,+3.373116E+00,-6.746719E+00
-808.250E-03,+3.383166E+00,-6.746216E+00
-806.600E-03,+3.398241E+00,-6.746618E+00
-804.950E-03,+3.393216E+00,-6.746417E+00
-803.300E-03,+3.373116E+00,-6.746618E+00
-801.650E-03,+3.378141E+00,-6.746317E+00
-800.000E-03,+3.378141E+00,-6.746116E+00
-798.350E-03,+3.428392E+00,-6.746015E+00
-796.700E-03,+3.443467E+00,-6.746015E+00
-795.050E-03,+3.458543E+00,-6.746015E+00
-793.400E-03,+3.443467E+00,-6.745915E+00
-791.750E-03,+3.448492E+00,-6.746015E+00
-790.100E-03,+3.468593E+00,-6.746015E+00
-788.450E-03,+3.473618E+00,-6.745915E+00
-786.800E-03,+3.463568E+00,-6.745513E+00
-785.150E-03,+3.513819E+00,-6.745814E+00
-783.500E-03,+3.513819E+00,-6.745312E+00
-781.850E-03,+3.503769E+00,-6.745111E+00
-780.200E-03,+3.488693E+00,-6.745513E+00
-778.550E-03,+3.493719E+00,-6.745211E+00
-776.900E-03,+3.513819E+00,-6.745010E+00
-775.250E-03,+3.503769E+00,-6.745211E+00
-773.600E-03,+3.518844E+00,-6.745010E+00
-771.950E-03,+3.503769E+00,-6.745312E+00
-770.300E-03,+3.518844E+00,-6.745613E+00
-768.650E-03,+3.513819E+00,-6.745513E+00
-767.000E-03,+3.498744E+00,-6.745111E+00
-765.350E-03,+3.498744E+00,-6.745010E+00
-763.700E-03,+3.508794E+00,-6.745312E+00
-762.050E-03,+3.508794E+00,-6.744809E+00
-760.400E-03,+3.513819E+00,-6.744608E+00
-758.750E-03,+3.508794E+00,-6.745111E+00
-757.100E-03,+3.559045E+00,-6.744608E+00
-755.450E-03,+3.543970E+00,-6.744709E+00
-753.800E-03,+3.518844E+00,-6.745010E+00
-752.150E-03,+3.508794E+00,-6.745010E+00
-750.500E-03,+3.528894E+00,-6.744910E+00
-748.850E-03,+3.498744E+00,-6.744608E+00
-747.200E-03,+3.488693E+00,-6.744910E+00
-745.550E-03,+3.488693E+00,-6.744206E+00
-743.900E-03,+3.508794E+00,-6.745010E+00
-742.250E-03,+3.488693E+00,-6.744809E+00
-740.600E-03,+3.473618E+00,-6.744508E+00
-738.950E-03,+3.458543E+00,-6.744709E+00
-737.300E-03,+3.473618E+00,-6.744910E+00
-735.650E-03,+3.473618E+00,-6.744709E+00
-734.000E-03,+3.453518E+00,-6.744608E+00
-732.350E-03,+3.433417E+00,-6.744608E+00
-730.700E-03,+3.443467E+00,-6.744809E+00
-729.050E-03,+3.453518E+00,-6.744508E+00
-727.400E-03,+3.428392E+00,-6.744407E+00
-725.750E-03,+3.428392E+00,-6.744508E+00
-724.100E-03,+3.418342E+00,-6.744508E+00
-722.450E-03,+3.403266E+00,-6.744608E+00
-720.800E-03,+3.388191E+00,-6.744608E+00
-719.150E-03,+3.363065E+00,-6.744407E+00
-717.500E-03,+3.358040E+00,-6.744307E+00
-715.850E-03,+3.358040E+00,-6.744307E+00
-714.200E-03,+3.342965E+00,-6.744508E+00
-712.550E-03,+3.347990E+00,-6.744508E+00
-710.900E-03,+3.347990E+00,-6.744508E+00
-709.250E-03,+3.347990E+00,-6.744206E+00
-707.600E-03,+3.317839E+00,-6.744508E+00
-705.950E-03,+3.262563E+00,-6.744508E+00
-704.300E-03,+3.262563E+00,-6.744508E+00
-702.650E-03,+3.242462E+00,-6.744206E+00
-701.000E-03,+3.207286E+00,-6.744407E+00
-699.350E-03,+3.202261E+00,-6.744407E+00
-697.700E-03,+3.197236E+00,-6.744608E+00
-696.050E-03,+3.202261E+00,-6.744307E+00
-694.400E-03,+3.207286E+00,-6.744407E+00
-692.750E-03,+3.182161E+00,-6.744709E+00
-691.100E-03,+3.146985E+00,-6.744709E+00
-689.450E-03,+3.131909E+00,-6.744709E+00
-687.800E-03,+3.111809E+00,-6.744809E+00
-686.150E-03,+3.096734E+00,-6.744407E+00
-684.500E-03,+3.071608E+00,-6.744508E+00
-682.850E-03,+3.016332E+00,-6.744407E+00
-681.200E-03,+3.016332E+00,-6.744709E+00
-679.550E-03,+3.021357E+00,-6.744508E+00
-677.900E-03,+3.006281E+00,-6.744910E+00
-676.250E-03,+2.981156E+00,-6.744407E+00
-674.600E-03,+2.961055E+00,-6.744508E+00
-672.950E-03,+2.961055E+00,-6.744910E+00
-671.300E-03,+2.925879E+00,-6.744910E+00
-669.650E-03,+2.915829E+00,-6.744206E+00
-668.000E-03,+2.910804E+00,-6.744608E+00
-666.350E-03,+2.880653E+00,-6.744407E+00
-664.700E-03,+2.820352E+00,-6.744809E+00
-663.050E-03,+2.800251E+00,-6.744608E+00
-661.400E-03,+2.760050E+00,-6.744608E+00
-659.750E-03,+2.739950E+00,-6.744910E+00
-658.100E-03,+2.724874E+00,-6.744910E+00
-656.450E-03,+2.684673E+00,-6.745010E+00
-654.800E-03,+2.679648E+00,-6.745010E+00
-653.150E-03,+2.654523E+00,-6.744809E+00
-651.500E-03,+2.644472E+00,-6.745211E+00
-649.850E-03,+2.619347E+00,-6.745312E+00
-648.200E-03,+2.584171E+00,-6.745010E+00
-646.550E-03,+2.533920E+00,-6.745714E+00
-644.900E-03,+2.513819E+00,-6.745513E+00
-643.250E-03,+2.513819E+00,-6.744910E+00
-641.600E-03,+2.453518E+00,-6.745211E+00
-639.950E-03,+2.413317E+00,-6.745211E+00
-638.300E-03,+2.433417E+00,-6.745513E+00
-636.650E-03,+2.403266E+00,-6.745714E+00
-635.000E-03,+2.347990E+00,-6.745513E+00
-633.350E-03,+2.332915E+00,-6.745714E+00
-631.700E-03,+2.307789E+00,-6.745814E+00
-630.050E-03,+2.287688E+00,-6.745915E+00
-628.400E-03,+2.257538E+00,-6.746116E+00
-626.750E-03,+2.227387E+00,-6.745915E+00
-625.100E-03,+2.182161E+00,-6.746015E+00
-623.450E-03,+2.136935E+00,-6.746015E+00
-621.800E-03,+2.086683E+00,-6.746317E+00
-620.150E-03,+2.061558E+00,-6.746417E+00
-618.500E-03,+2.061558E+00,-6.746417E+00
-616.850E-03,+2.026382E+00,-6.746216E+00
-615.200E-03,+2.006281E+00,-6.746317E+00
-613.550E-03,+1.971105E+00,-6.746920E+00
-611.900E-03,+1.930904E+00,-6.746819E+00
-610.250E-03,+1.915829E+00,-6.746719E+00
-608.600E-03,+1.895729E+00,-6.746518E+00
-606.950E-03,+1.885678E+00,-6.746920E+00
-605.300E-03,+1.845477E+00,-6.747221E+00
-603.650E-03,+1.805276E+00,-6.746518E+00
-602.000E-03,+1.729899E+00,-6.746819E+00
-600.350E-03,+1.684673E+00,-6.746920E+00
-598.700E-03,+1.674623E+00,-6.747020E+00
-597.050E-03,+1.654523E+00,-6.746819E+00
-595.400E-03,+1.594221E+00,-6.746920E+00
-593.750E-03,+1.569095E+00,-6.747121E+00
-592.100E-03,+1.538945E+00,-6.747623E+00
-590.450E-03,+1.513819E+00,-6.747322E+00
-588.800E-03,+1.478643E+00,-6.747523E+00
-587.150E-03,+1.443467E+00,-6.747322E+00
-585.500E-03,+1.393216E+00,-6.747121E+00
-583.850E-03,+1.388191E+00,-6.747221E+00
-582.200E-03,+1.347990E+00,-6.747322E+00
-580.550E-03,+1.277638E+00,-6.747623E+00
-578.900E-03,+1.222362E+00,-6.747724E+00
-577.250E-03,+1.212312E+00,-6.747925E+00
-575.600E-03,+1.187186E+00,-6.747925E+00
-573.950E-03,+1.146985E+00,-6.747925E+00
-572.300E-03,+1.136935E+00,-6.747925E+00
-570.650E-03,+1.116834E+00,-6.747925E+00
-569.000E-03,+1.081658E+00,-6.748226E+00
-567.350E-03,+1.026382E+00,-6.748327E+00
-565.700E-03,+986.181E-03,-6.748427E+00
-564.050E-03,+945.980E-03,-6.748327E+00
-562.400E-03,+915.829E-03,-6.748729E+00
-560.750E-03,+855.528E-03,-6.748226E+00
-559.100E-03,+810.301E-03,-6.748829E+00
-557.450E-03,+780.151E-03,-6.748930E+00
-555.800E-03,+744.975E-03,-6.748829E+00
-554.150E-03,+724.874E-03,-6.749131E+00
-552.500E-03,+684.673E-03,-6.749432E+00
-550.850E-03,+649.497E-03,-6.749533E+00
-549.200E-03,+594.221E-03,-6.749432E+00
-547.550E-03,+543.970E-03,-6.749332E+00
-545.900E-03,+538.945E-03,-6.749633E+00
-544.250E-03,+488.693E-03,-6.749633E+00
-542.600E-03,+458.543E-03,-6.749432E+00
-540.950E-03,+413.317E-03,-6.749432E+00
-539.300E-03,+368.090E-03,-6.749734E+00
-537.650E-03,+347.990E-03,-6.749834E+00
-536.000E-03,+307.789E-03,-6.749734E+00
-534.350E-03,+272.613E-03,-6.750136E+00
-532.700E-03,+217.337E-03,-6.750538E+00
-531.050E-03,+207.286E-03,-6.750538E+00
-529.400E-03,+192.211E-03,-6.750638E+00
-527.750E-03,+136.935E-03,-6.750538E+00
-526.100E-03,+81.658E-03,-6.750538E+00
-524.450E-03,+36.432E-03,-6.750739E+00
-522.800E-03,-18.844E-03,-6.750538E+00
-521.150E-03,-84.171E-03,-6.750638E+00
-519.500E-03,-124.372E-03,-6.751241E+00
-517.850E-03,-144.472E-03,-6.750739E+00
-516.200E-03,-194.724E-03,-6.751241E+00
-514.550E-03,-244.975E-03,-6.751241E+00
-512.900E-03,-265.075E-03,-6.751543E+00
-511.250E-03,-290.201E-03,-6.751945E+00
-509.600E-03,-325.377E-03,-6.751744E+00
-507.950E-03,-345.477E-03,-6.751844E+00
-506.300E-03,-390.704E-03,-6.751643E+00
-504.650E-03,-425.879E-03,-6.752146E+00
-503.000E-03,-476.131E-03,-6.751442E+00
-501.350E-03,-531.407E-03,-6.751945E+00
-499.700E-03,-591.709E-03,-6.752045E+00
-498.050E-03,-596.734E-03,-6.752045E+00
-496.400E-03,-631.910E-03,-6.751844E+00
-494.750E-03,-677.136E-03,-6.752146E+00
-493.100E-03,-727.387E-03,-6.752749E+00
-491.450E-03,-752.513E-03,-6.752950E+00
-489.800E-03,-772.613E-03,-6.752648E+00
-488.150E-03,-807.789E-03,-6.752950E+00
-486.500E-03,-853.015E-03,-6.752849E+00
-484.850E-03,-918.342E-03,-6.752648E+00
-483.200E-03,-948.492E-03,-6.752849E+00
-481.550E-03,-998.744E-03,-6.752849E+00
-479.900E-03,-1.033920E+00,-6.753452E+00
-478.250E-03,-1.074121E+00,-6.753050E+00
-476.600E-03,-1.109296E+00,-6.753452E+00
-474.950E-03,-1.149497E+00,-6.753653E+00
-473.300E-03,-1.194724E+00,-6.753754E+00
-471.650E-03,-1.214824E+00,-6.753854E+00
-470.000E-03,-1.275126E+00,-6.754055E+00
-468.350E-03,-1.305276E+00,-6.754055E+00
-466.700E-03,-1.320352E+00,-6.754156E+00
-465.050E-03,-1.360553E+00,-6.754055E+00
-463.400E-03,-1.415829E+00,-6.754055E+00
-461.750E-03,-1.471106E+00,-6.754357E+00
-460.100E-03,-1.511307E+00,-6.754558E+00
-458.450E-03,-1.511307E+00,-6.754357E+00
-456.800E-03,-1.531407E+00,-6.754558E+00
-455.150E-03,-1.581658E+00,-6.754759E+00
-453.500E-03,-1.606784E+00,-6.754859E+00
-451.850E-03,-1.646985E+00,-6.755060E+00
-450.200E-03,-1.692211E+00,-6.755161E+00
-448.550E-03,-1.727387E+00,-6.755362E+00
-446.900E-03,-1.777638E+00,-6.754960E+00
-445.250E-03,-1.822864E+00,-6.755462E+00
-443.600E-03,-1.837940E+00,-6.755462E+00
-441.950E-03,-1.878141E+00,-6.755362E+00
-440.300E-03,-1.928392E+00,-6.755362E+00
-438.650E-03,-1.938442E+00,-6.755462E+00
-437.000E-03,-1.968593E+00,-6.755563E+00
-435.350E-03,-1.988693E+00,-6.755362E+00
-433.700E-03,-2.054020E+00,-6.755965E+00
-432.050E-03,-2.074121E+00,-6.756065E+00
-430.400E-03,-2.094221E+00,-6.756266E+00
-428.750E-03,-2.124372E+00,-6.756065E+00
-427.100E-03,-2.154523E+00,-6.756166E+00
-425.450E-03,-2.189698E+00,-6.756166E+00
-423.800E-03,-2.214824E+00,-6.756568E+00
-422.150E-03,-2.275126E+00,-6.756467E+00
-420.500E-03,-2.345477E+00,-6.756668E+00
-418.850E-03,-2.340452E+00,-6.756668E+00
-417.200E-03,-2.355528E+00,-6.756668E+00
-415.550E-03,-2.410804E+00,-6.757171E+00
-413.900E-03,-2.445980E+00,-6.757673E+00
-412.250E-03,-2.466080E+00,-6.756970E+00
-410.600E-03,-2.486181E+00,-6.757171E+00
-408.950E-03,-2.511307E+00,-6.757673E+00
-407.300E-03,-2.551508E+00,-6.757372E+00
-405.650E-03,-2.586683E+00,-6.757774E+00
-404.000E-03,-2.616834E+00,-6.757472E+00
-402.350E-03,-2.657035E+00,-6.757874E+00
-400.700E-03,-2.722362E+00,-6.757975E+00
-399.050E-03,-2.722362E+00,-6.758176E+00
-397.400E-03,-2.737437E+00,-6.758578E+00
-395.750E-03,-2.752513E+00,-6.758477E+00
-394.100E-03,-2.797739E+00,-6.758477E+00
-392.450E-03,-2.832915E+00,-6.758377E+00
-390.800E-03,-2.853015E+00,-6.758779E+00
-389.150E-03,-2.858040E+00,-6.758578E+00
-387.500E-03,-2.888191E+00,-6.758477E+00
-385.850E-03,-2.928392E+00,-6.759080E+00
-384.200E-03,-2.933417E+00,-6.758980E+00
-382.550E-03,-2.968593E+00,-6.758879E+00
-380.900E-03,-3.018844E+00,-6.759482E+00
-379.250E-03,-3.054020E+00,-6.759181E+00
-377.600E-03,-3.033920E+00,-6.759583E+00
-375.950E-03,-3.094221E+00,-6.759482E+00
-374.300E-03,-3.099246E+00,-6.759784E+00
-372.650E-03,-3.119347E+00,-6.760085E+00
-371.000E-03,-3.139447E+00,-6.760085E+00
-369.350E-03,-3.179648E+00,-6.759985E+00
-367.700E-03,-3.199749E+00,-6.760487E+00
-366.050E-03,-3.189698E+00,-6.759985E+00
-364.400E-03,-3.229899E+00,-6.760085E+00
-362.750E-03,-3.280151E+00,-6.760085E+00
-361.100E-03,-3.310301E+00,-6.760387E+00
-359.450E-03,-3.315327E+00,-6.760286E+00
-357.800E-03,-3.340452E+00,-6.760387E+00
-356.150E-03,-3.345477E+00,-6.760487E+00
-354.500E-03,-3.345477E+00,-6.760487E+00
-352.850E-03,-3.375628E+00,-6.760789E+00
-351.200E-03,-3.410804E+00,-6.760387E+00
-349.550E-03,-3.410804E+00,-6.760487E+00
-347.900E-03,-3.445980E+00,-6.760789E+00
-346.250E-03,-3.451005E+00,-6.761191E+00
-344.600E-03,-3.481156E+00,-6.760789E+00
-342.950E-03,-3.486181E+00,-6.760688E+00
-341.300E-03,-3.536432E+00,-6.760889E+00
-339.650E-03,-3.561558E+00,-6.761091E+00
-338.000E-03,-3.566583E+00,-6.761091E+00
-336.350E-03,-3.561558E+00,-6.761091E+00
-334.700E-03,-3.571608E+00,-6.761091E+00
-333.050E-03,-3.586683E+00,-6.761392E+00
-331.400E-03,-3.596734E+00,-6.761392E+00
-329.750E-03,-3.631910E+00,-6.761694E+00
-328.100E-03,-3.667085E+00,-6.761593E+00
-326.450E-03,-3.697236E+00,-6.761593E+00
-324.800E-03,-3.722362E+00,-6.762297E+00
-323.150E-03,-3.707286E+00,-6.761895E+00
-321.500E-03,-3.727387E+00,-6.761895E+00
-319.850E-03,-3.747487E+00,-6.761895E+00
-318.200E-03,-3.717337E+00,-6.761895E+00
-316.550E-03,-3.727387E+00,-6.761895E+00
-314.900E-03,-3.777638E+00,-6.762297E+00
-313.250E-03,-3.782663E+00,-6.762196E+00
-311.600E-03,-3.777638E+00,-6.761995E+00
-309.950E-03,-3.802764E+00,-6.762498E+00
-308.300E-03,-3.827889E+00,-6.762699E+00
-306.650E-03,-3.817839E+00,-6.762397E+00
-305.000E-03,-3.827889E+00,-6.762196E+00
-303.350E-03,-3.842965E+00,-6.762397E+00
-301.700E-03,-3.863065E+00,-6.762397E+00
-300.050E-03,-3.873116E+00,-6.762397E+00
-298.400E-03,-3.842965E+00,-6.762397E+00
-296.750E-03,-3.863065E+00,-6.762498E+00
-295.100E-03,-3.888191E+00,-6.762799E+00
-293.450E-03,-3.893216E+00,-6.763201E+00
-291.800E-03,-3.868090E+00,-6.762799E+00
-290.150E-03,-3.893216E+00,-6.763101E+00
-288.500E-03,-3.923367E+00,-6.763101E+00
-286.850E-03,-3.933417E+00,-6.763302E+00
-285.200E-03,-3.918342E+00,-6.763101E+00
-283.550E-03,-3.933417E+00,-6.762900E+00
-281.900E-03,-3.953518E+00,-6.762900E+00
-280.250E-03,-3.948492E+00,-6.763101E+00
-278.600E-03,-3.933417E+00,-6.763101E+00
-276.950E-03,-3.943467E+00,-6.763302E+00
-275.300E-03,-3.933417E+00,-6.763302E+00
-273.650E-03,-3.923367E+00,-6.763302E+00
-272.000E-03,-3.938442E+00,-6.763402E+00
-270.350E-03,-3.938442E+00,-6.763302E+00
-268.700E-03,-3.953518E+00,-6.763503E+00
-267.050E-03,-3.968593E+00,-6.763503E+00
-265.400E-03,-3.983668E+00,-6.763402E+00
-263.750E-03,-3.993719E+00,-6.763503E+00
-262.100E-03,-3.973618E+00,-6.763402E+00
-260.450E-03,-3.988693E+00,-6.763402E+00
-258.800E-03,-3.958543E+00,-6.763603E+00
-257.150E-03,-3.923367E+00,-6.763503E+00
-255.500E-03,-3.928392E+00,-6.763503E+00
-253.850E-03,-3.938442E+00,-6.763503E+00
-252.200E-03,-3.933417E+00,-6.763603E+00
-250.550E-03,-3.903266E+00,-6.763704E+00
-248.900E-03,-3.903266E+00,-6.763804E+00
-247.250E-03,-3.903266E+00,-6.763704E+00
-245.600E-03,-3.923367E+00,-6.763704E+00
-243.950E-03,-3.928392E+00,-6.763905E+00
-242.300E-03,-3.918342E+00,-6.763503E+00
-240.650E-03,-3.953518E+00,-6.763503E+00
-239.000E-03,-3.918342E+00,-6.763804E+00
-237.350E-03,-3.898241E+00,-6.763804E+00
-235.700E-03,-3.888191E+00,-6.763905E+00
-234.050E-03,-3.873116E+00,-6.763905E+00
-232.400E-03,-3.858040E+00,-6.763804E+00
-230.750E-03,-3.827889E+00,-6.764106E+00
-229.100E-03,-3.822864E+00,-6.764307E+00
-227.450E-03,-3.842965E+00,-6.764106E+00
-225.800E-03,-3.827889E+00,-6.764005E+00
-224.150E-03,-3.802764E+00,-6.763503E+00
-222.500E-03,-3.812814E+00,-6.763804E+00
-220.850E-03,-3.817839E+00,-6.764106E+00
-219.200E-03,-3.782663E+00,-6.764508E+00
-217.550E-03,-3.742462E+00,-6.763704E+00
-215.900E-03,-3.742462E+00,-6.764106E+00
-214.250E-03,-3.742462E+00,-6.763905E+00
-212.600E-03,-3.717337E+00,-6.763905E+00
-210.950E-03,-3.702261E+00,-6.764206E+00
-209.300E-03,-3.707286E+00,-6.764005E+00
-207.650E-03,-3.677136E+00,-6.764307E+00
-206.000E-03,-3.657035E+00,-6.764106E+00
-204.350E-03,-3.636935E+00,-6.763905E+00
-202.700E-03,-3.626884E+00,-6.763704E+00
-201.050E-03,-3.631910E+00,-6.763603E+00
-199.400E-03,-3.606784E+00,-6.763804E+00
-197.750E-03,-3.586683E+00,-6.763905E+00
-196.100E-03,-3.571608E+00,-6.764106E+00
-194.450E-03,-3.551508E+00,-6.763905E+00
-192.800E-03,-3.541457E+00,-6.763905E+00
-191.150E-03,-3.511307E+00,-6.763804E+00
-189.500E-03,-3.491206E+00,-6.763603E+00
-187.850E-03,-3.496231E+00,-6.764106E+00
-186.200E-03,-3.491206E+00,-6.763704E+00
-184.550E-03,-3.476131E+00,-6.763704E+00
-182.900E-03,-3.461055E+00,-6.763503E+00
-181.250E-03,-3.415829E+00,-6.763503E+00
-179.600E-03,-3.375628E+00,-6.763503E+00
-177.950E-03,-3.340452E+00,-6.763503E+00
-176.300E-03,-3.345477E+00,-6.763402E+00
-174.650E-03,-3.345477E+00,-6.763302E+00
-173.000E-03,-3.335427E+00,-6.763503E+00
-171.350E-03,-3.295226E+00,-6.763402E+00
-169.700E-03,-3.260050E+00,-6.763905E+00
-168.050E-03,-3.250000E+00,-6.763603E+00
-166.400E-03,-3.219849E+00,-6.763402E+00
-164.750E-03,-3.189698E+00,-6.763302E+00
-163.100E-03,-3.174623E+00,-6.763503E+00
-161.450E-03,-3.169598E+00,-6.763201E+00
-159.800E-03,-3.164573E+00,-6.763302E+00
-158.150E-03,-3.109296E+00,-6.763503E+00
-156.500E-03,-3.089196E+00,-6.763302E+00
-154.850E-03,-3.048995E+00,-6.763201E+00
-153.200E-03,-3.013819E+00,-6.763201E+00
-151.550E-03,-3.003769E+00,-6.763201E+00
-149.900E-03,-2.978643E+00,-6.763402E+00
-148.250E-03,-2.973618E+00,-6.763201E+00
-146.600E-03,-2.933417E+00,-6.763101E+00
-144.950E-03,-2.918342E+00,-6.763000E+00
-143.300E-03,-2.893216E+00,-6.763201E+00
-141.650E-03,-2.863065E+00,-6.762799E+00
-140.000E-03,-2.863065E+00,-6.762799E+00
-138.350E-03,-2.822864E+00,-6.762900E+00
-136.700E-03,-2.777638E+00,-6.762799E+00
-135.050E-03,-2.757538E+00,-6.763000E+00
-133.400E-03,-2.717337E+00,-6.762900E+00
-131.750E-03,-2.646985E+00,-6.762900E+00
-130.100E-03,-2.631910E+00,-6.762799E+00
-128.450E-03,-2.606784E+00,-6.762397E+00
-126.800E-03,-2.571608E+00,-6.762598E+00
-125.150E-03,-2.546482E+00,-6.762699E+00
-123.500E-03,-2.521357E+00,-6.762699E+00
-121.850E-03,-2.481156E+00,-6.762096E+00
-120.200E-03,-2.445980E+00,-6.761995E+00
-118.550E-03,-2.395729E+00,-6.762196E+00
-116.900E-03,-2.380653E+00,-6.762397E+00
-115.250E-03,-2.375628E+00,-6.762196E+00
-113.600E-03,-2.350503E+00,-6.762297E+00
-111.950E-03,-2.300251E+00,-6.762397E+00
-110.300E-03,-2.270101E+00,-6.761995E+00
-108.650E-03,-2.234925E+00,-6.762096E+00
-107.000E-03,-2.184673E+00,-6.761995E+00
-105.350E-03,-2.144472E+00,-6.761694E+00
-103.700E-03,-2.119347E+00,-6.761794E+00
-102.050E-03,-2.089196E+00,-6.761593E+00
-100.400E-03,-2.064070E+00,-6.761995E+00
-98.750E-03,-2.018844E+00,-6.761493E+00
-97.100E-03,-1.963568E+00,-6.761292E+00
-95.450E-03,-1.948492E+00,-6.761191E+00
-93.800E-03,-1.928392E+00,-6.761593E+00
-92.150E-03,-1.873116E+00,-6.761694E+00
-90.500E-03,-1.847990E+00,-6.761493E+00
-88.850E-03,-1.812814E+00,-6.761091E+00
-87.200E-03,-1.787688E+00,-6.761091E+00
-85.550E-03,-1.752513E+00,-6.760789E+00
-83.900E-03,-1.727387E+00,-6.760789E+00
-82.250E-03,-1.697236E+00,-6.760286E+00
-80.600E-03,-1.636935E+00,-6.760789E+00
-78.950E-03,-1.591709E+00,-6.760085E+00
-77.300E-03,-1.546482E+00,-6.760487E+00
-75.650E-03,-1.521357E+00,-6.760286E+00
-74.000E-03,-1.521357E+00,-6.760286E+00
-72.350E-03,-1.471106E+00,-6.760487E+00
-70.700E-03,-1.420854E+00,-6.760688E+00
-69.050E-03,-1.375628E+00,-6.760085E+00
-67.400E-03,-1.345477E+00,-6.760286E+00
-65.750E-03,-1.305276E+00,-6.760186E+00
-64.100E-03,-1.265075E+00,-6.759784E+00
-62.450E-03,-1.239950E+00,-6.759583E+00
-60.800E-03,-1.244975E+00,-6.759784E+00
-59.150E-03,-1.184673E+00,-6.759382E+00
-57.500E-03,-1.099246E+00,-6.759784E+00
-55.850E-03,-1.089196E+00,-6.759482E+00
-54.200E-03,-1.033920E+00,-6.758980E+00
-52.550E-03,-1.008794E+00,-6.759181E+00
-50.900E-03,-963.568E-03,-6.759281E+00
-49.250E-03,-918.342E-03,-6.759583E+00
-47.600E-03,-893.216E-03,-6.759281E+00
-45.950E-03,-847.990E-03,-6.759382E+00
-44.300E-03,-832.915E-03,-6.758879E+00
-42.650E-03,-792.714E-03,-6.758980E+00
-41.000E-03,-777.638E-03,-6.759181E+00
-39.350E-03,-707.286E-03,-6.758779E+00
-37.700E-03,-657.035E-03,-6.758578E+00
-36.050E-03,-631.910E-03,-6.758578E+00
-34.400E-03,-581.658E-03,-6.758779E+00
-32.750E-03,-541.457E-03,-6.758779E+00
-31.100E-03,-521.357E-03,-6.758477E+00
-29.450E-03,-451.005E-03,-6.758276E+00
-27.800E-03,-420.854E-03,-6.758276E+00
-26.150E-03,-360.553E-03,-6.757975E+00
-24.500E-03,-355.528E-03,-6.758377E+00
-22.850E-03,-320.352E-03,-6.757673E+00
-21.200E-03,-290.201E-03,-6.757673E+00
-19.550E-03,-234.925E-03,-6.757372E+00
-17.900E-03,-179.648E-03,-6.757372E+00
-16.250E-03,-139.447E-03,-6.757472E+00
-14.600E-03,-124.372E-03,-6.757472E+00
-12.950E-03,-74.121E-03,-6.757271E+00
-11.300E-03,-33.920E-03,-6.757372E+00
-9.650E-03,+46.482E-03,-6.757171E+00
-8.000E-03,+51.508E-03,-6.756869E+00
-6.350E-03,+96.734E-03,-6.756970E+00
-4.700E-03,+167.085E-03,-6.756568E+00
-3.050E-03,+177.136E-03,-6.756769E+00
-1.400E-03,+207.286E-03,-6.756467E+00
+250E-06,+247.487E-03,-6.756166E+00
+1.900E-03,+312.814E-03,-6.756166E+00
+3.550E-03,+347.990E-03,-6.755764E+00
+5.200E-03,+383.166E-03,-6.756266E+00
+6.850E-03,+403.266E-03,-6.755965E+00
+8.500E-03,+458.543E-03,-6.755764E+00
+10.150E-03,+518.844E-03,-6.755965E+00
+11.800E-03,+538.945E-03,-6.755563E+00
+13.450E-03,+584.171E-03,-6.755462E+00
+15.100E-03,+609.296E-03,-6.755362E+00
+16.750E-03,+654.523E-03,-6.755261E+00
+18.400E-03,+679.648E-03,-6.755060E+00
+20.050E-03,+709.799E-03,-6.755161E+00
+21.700E-03,+750.000E-03,-6.755161E+00
+23.350E-03,+800.251E-03,-6.754960E+00
+25.000E-03,+840.452E-03,-6.754558E+00
+26.650E-03,+865.578E-03,-6.754759E+00
+28.300E-03,+905.779E-03,-6.754859E+00
+29.950E-03,+951.005E-03,-6.754457E+00
+31.600E-03,+986.181E-03,-6.754457E+00
+33.250E-03,+1.031407E+00,-6.754256E+00
+34.900E-03,+1.091709E+00,-6.754156E+00
+36.550E-03,+1.101759E+00,-6.753553E+00
+38.200E-03,+1.116834E+00,-6.753653E+00
+39.850E-03,+1.152010E+00,-6.753854E+00
+41.500E-03,+1.192211E+00,-6.753553E+00
+43.150E-03,+1.242462E+00,-6.753653E+00
+44.800E-03,+1.267588E+00,-6.753653E+00
+46.450E-03,+1.317839E+00,-6.753452E+00
+48.100E-03,+1.363065E+00,-6.753452E+00
+49.750E-03,+1.393216E+00,-6.753151E+00
+51.400E-03,+1.428392E+00,-6.753151E+00
+53.050E-03,+1.468593E+00,-6.753151E+00
+54.700E-03,+1.518844E+00,-6.753251E+00
+56.350E-03,+1.543970E+00,-6.752146E+00
+58.000E-03,+1.589196E+00,-6.752548E+00
+59.650E-03,+1.604271E+00,-6.752447E+00
+61.300E-03,+1.659548E+00,-6.752246E+00
+62.950E-03,+1.689698E+00,-6.752347E+00
+64.600E-03,+1.719849E+00,-6.752045E+00
+66.250E-03,+1.750000E+00,-6.752548E+00
+67.900E-03,+1.805276E+00,-6.752246E+00
+69.550E-03,+1.860553E+00,-6.752146E+00
+71.200E-03,+1.865578E+00,-6.751844E+00
+72.850E-03,+1.895729E+00,-6.752045E+00
+74.500E-03,+1.945980E+00,-6.751643E+00
+76.150E-03,+1.991206E+00,-6.751241E+00
+77.800E-03,+1.996231E+00,-6.751442E+00
+79.450E-03,+2.016332E+00,-6.751241E+00
+81.100E-03,+2.066583E+00,-6.751442E+00
+82.750E-03,+2.111809E+00,-6.751543E+00
+84.400E-03,+2.146985E+00,-6.751241E+00
+86.050E-03,+2.162060E+00,-6.751141E+00
+87.700E-03,+2.202261E+00,-6.751342E+00
+89.350E-03,+2.252513E+00,-6.751342E+00
+91.000E-03,+2.272613E+00,-6.750940E+00
+92.650E-03,+2.292714E+00,-6.751040E+00
+94.300E-03,+2.322864E+00,-6.750437E+00
+95.950E-03,+2.363065E+00,-6.750236E+00
+97.600E-03,+2.378141E+00,-6.750035E+00
+99.250E-03,+2.393216E+00,-6.750236E+00
+100.900E-03,+2.438442E+00,-6.750337E+00
+102.550E-03,+2.493719E+00,-6.750035E+00
+104.200E-03,+2.488693E+00,-6.750337E+00
+105.850E-03,+2.513819E+00,-6.749834E+00
+107.500E-03,+2.559045E+00,-6.749734E+00
+109.150E-03,+2.569095E+00,-6.749834E+00
+110.800E-03,+2.594221E+00,-6.750136E+00
+112.450E-03,+2.634422E+00,-6.749633E+00
+114.100E-03,+2.629397E+00,-6.749633E+00
+115.750E-03,+2.659548E+00,-6.749432E+00
+117.400E-03,+2.699749E+00,-6.749030E+00
+119.050E-03,+2.704774E+00,-6.748528E+00
+120.700E-03,+2.744975E+00,-6.748729E+00
+122.350E-03,+2.805276E+00,-6.748829E+00
+124.000E-03,+2.820352E+00,-6.748528E+00
+125.650E-03,+2.845477E+00,-6.748930E+00
+127.300E-03,+2.870603E+00,-6.748729E+00
+128.950E-03,+2.915829E+00,-6.748628E+00
+130.600E-03,+2.910804E+00,-6.748528E+00
+132.250E-03,+2.945980E+00,-6.748226E+00
+133.900E-03,+2.945980E+00,-6.748628E+00
+135.550E-03,+3.001256E+00,-6.748327E+00
+137.200E-03,+3.021357E+00,-6.748025E+00
+138.850E-03,+3.011306E+00,-6.748025E+00
+140.500E-03,+3.046482E+00,-6.748126E+00
+142.150E-03,+3.071608E+00,-6.748226E+00
+143.800E-03,+3.091708E+00,-6.748025E+00
+145.450E-03,+3.111809E+00,-6.747925E+00
+147.100E-03,+3.131909E+00,-6.748126E+00
+148.750E-03,+3.152010E+00,-6.748226E+00
+150.400E-03,+3.192211E+00,-6.747824E+00
+152.050E-03,+3.207286E+00,-6.747523E+00
+153.700E-03,+3.227387E+00,-6.747422E+00
+155.350E-03,+3.227387E+00,-6.747422E+00
+157.000E-03,+3.252513E+00,-6.747422E+00
+158.650E-03,+3.267588E+00,-6.747221E+00
+160.300E-03,+3.302764E+00,-6.747121E+00
+161.950E-03,+3.342965E+00,-6.747121E+00
+163.600E-03,+3.347990E+00,-6.746920E+00
+165.250E-03,+3.347990E+00,-6.747020E+00
+166.900E-03,+3.363065E+00,-6.747020E+00
+168.550E-03,+3.408291E+00,-6.747121E+00
+170.200E-03,+3.418342E+00,-6.746819E+00
+171.850E-03,+3.448492E+00,-6.746618E+00
+173.500E-03,+3.453518E+00,-6.746518E+00
+175.150E-03,+3.443467E+00,-6.746317E+00
+176.800E-03,+3.468593E+00,-6.746317E+00
+178.450E-03,+3.453518E+00,-6.746317E+00
+180.100E-03,+3.463568E+00,-6.746216E+00
+181.750E-03,+3.488693E+00,-6.746317E+00
+183.400E-03,+3.508794E+00,-6.746618E+00
+185.050E-03,+3.533920E+00,-6.746116E+00
+186.700E-03,+3.554020E+00,-6.745915E+00
+188.350E-03,+3.548995E+00,-6.746015E+00
+190.000E-03,+3.564070E+00,-6.746015E+00
+191.650E-03,+3.559045E+00,-6.745915E+00
+193.300E-03,+3.574121E+00,-6.745915E+00
+194.950E-03,+3.594221E+00,-6.745513E+00
+196.600E-03,+3.614322E+00,-6.745613E+00
+198.250E-03,+3.594221E+00,-6.745613E+00
+199.900E-03,+3.594221E+00,-6.745412E+00
+201.550E-03,+3.619347E+00,-6.745211E+00
+203.200E-03,+3.609296E+00,-6.745312E+00
+204.850E-03,+3.629397E+00,-6.744709E+00
+206.500E-03,+3.629397E+00,-6.745010E+00
+208.150E-03,+3.649497E+00,-6.745010E+00
+209.800E-03,+3.674623E+00,-6.745111E+00
+211.450E-03,+3.659548E+00,-6.744910E+00
+213.100E-03,+3.664573E+00,-6.744910E+00
+214.750E-03,+3.684673E+00,-6.744910E+00
+216.400E-03,+3.704774E+00,-6.744809E+00
+218.050E-03,+3.684673E+00,-6.744809E+00
+219.700E-03,+3.689698E+00,-6.744709E+00
+221.350E-03,+3.699749E+00,-6.744709E+00
+223.000E-03,+3.699749E+00,-6.745111E+00
+224.650E-03,+3.719849E+00,-6.744508E+00
+226.300E-03,+3.709799E+00,-6.744910E+00
+227.950E-03,+3.724874E+00,-6.744709E+00
+229.600E-03,+3.739950E+00,-6.744307E+00
+231.250E-03,+3.724874E+00,-6.744508E+00
+232.900E-03,+3.709799E+00,-6.744407E+00
+234.550E-03,+3.714824E+00,-6.744106E+00
+236.200E-03,+3.729899E+00,-6.744307E+00
+237.850E-03,+3.699749E+00,-6.744307E+00
+239.500E-03,+3.714824E+00,-6.744206E+00
+241.150E-03,+3.724874E+00,-6.744508E+00
+242.800E-03,+3.724874E+00,-6.744106E+00
+244.450E-03,+3.729899E+00,-6.744005E+00
+246.100E-03,+3.734925E+00,-6.744206E+00
+247.750E-03,+3.719849E+00,-6.744508E+00
+249.400E-03,+3.724874E+00,-6.744407E+00
+251.050E-03,+3.729899E+00,-6.744407E+00
+252.700E-03,+3.719849E+00,-6.743905E+00
+254.350E-03,+3.704774E+00,-6.744206E+00
+256.000E-03,+3.694724E+00,-6.744709E+00
+257.650E-03,+3.674623E+00,-6.743804E+00
+259.300E-03,+3.689698E+00,-6.744005E+00
+260.950E-03,+3.654523E+00,-6.743603E+00
+262.600E-03,+3.649497E+00,-6.743402E+00
+264.250E-03,+3.659548E+00,-6.744206E+00
+265.900E-03,+3.639447E+00,-6.744106E+00
+267.550E-03,+3.654523E+00,-6.743905E+00
+269.200E-03,+3.614322E+00,-6.744005E+00
+270.850E-03,+3.609296E+00,-6.744106E+00
+272.500E-03,+3.614322E+00,-6.744005E+00
+274.150E-03,+3.624372E+00,-6.743905E+00
+275.800E-03,+3.614322E+00,-6.744407E+00
+277.450E-03,+3.589196E+00,-6.743804E+00
+279.100E-03,+3.569095E+00,-6.743804E+00
+280.750E-03,+3.574121E+00,-6.744005E+00
+282.400E-03,+3.533920E+00,-6.744206E+00
+284.050E-03,+3.543970E+00,-6.743804E+00
+285.700E-03,+3.533920E+00,-6.744005E+00
+287.350E-03,+3.518844E+00,-6.744206E+00
+289.000E-03,+3.513819E+00,-6.744005E+00
+290.650E-03,+3.498744E+00,-6.744106E+00
+292.300E-03,+3.488693E+00,-6.744005E+00
+293.950E-03,+3.458543E+00,-6.744106E+00
+295.600E-03,+3.458543E+00,-6.744206E+00
+297.250E-03,+3.428392E+00,-6.743603E+00
+298.900E-03,+3.418342E+00,-6.743804E+00
+300.550E-03,+3.403266E+00,-6.743804E+00
+302.200E-03,+3.403266E+00,-6.744005E+00
+303.850E-03,+3.393216E+00,-6.744106E+00
+305.500E-03,+3.342965E+00,-6.743905E+00
+307.150E-03,+3.327889E+00,-6.744106E+00
+308.800E-03,+3.327889E+00,-6.743905E+00
+310.450E-03,+3.277638E+00,-6.744206E+00
+312.100E-03,+3.272613E+00,-6.744106E+00
+313.750E-03,+3.267588E+00,-6.743905E+00
+315.400E-03,+3.232412E+00,-6.743704E+00
+317.050E-03,+3.227387E+00,-6.744005E+00
+318.700E-03,+3.187186E+00,-6.743905E+00
+320.350E-03,+3.167085E+00,-6.744005E+00
+322.000E-03,+3.162060E+00,-6.743804E+00
+323.650E-03,+3.162060E+00,-6.744005E+00
+325.300E-03,+3.136935E+00,-6.744005E+00
+326.950E-03,+3.111809E+00,-6.744206E+00
+328.600E-03,+3.091708E+00,-6.744407E+00
+330.250E-03,+3.066583E+00,-6.744206E+00
+331.900E-03,+3.041457E+00,-6.744106E+00
+333.550E-03,+3.016332E+00,-6.744407E+00
+335.200E-03,+3.006281E+00,-6.744307E+00
+336.850E-03,+2.986181E+00,-6.744407E+00
+338.500E-03,+2.935930E+00,-6.744206E+00
+340.150E-03,+2.930904E+00,-6.744307E+00
+341.800E-03,+2.915829E+00,-6.744608E+00
+343.450E-03,+2.900754E+00,-6.744508E+00
+345.100E-03,+2.865578E+00,-6.745010E+00
+346.750E-03,+2.845477E+00,-6.744910E+00
+348.400E-03,+2.835427E+00,-6.744809E+00
+350.050E-03,+2.775126E+00,-6.744809E+00
+351.700E-03,+2.750000E+00,-6.744910E+00
+353.350E-03,+2.734925E+00,-6.745111E+00
+355.000E-03,+2.714824E+00,-6.744809E+00
+356.650E-03,+2.689698E+00,-6.744910E+00
+358.300E-03,+2.614322E+00,-6.745211E+00
+359.950E-03,+2.604271E+00,-6.745211E+00
+361.600E-03,+2.589196E+00,-6.744608E+00
+363.250E-03,+2.569095E+00,-6.744910E+00
+364.900E-03,+2.523869E+00,-6.745111E+00
+366.550E-03,+2.518844E+00,-6.745010E+00
+368.200E-03,+2.503769E+00,-6.745613E+00
+369.850E-03,+2.468593E+00,-6.744910E+00
+371.500E-03,+2.418342E+00,-6.745312E+00
+373.150E-03,+2.383166E+00,-6.745211E+00
+374.800E-03,+2.368090E+00,-6.745010E+00
+376.450E-03,+2.332915E+00,-6.745211E+00
+378.100E-03,+2.297739E+00,-6.745211E+00
+379.750E-03,+2.262563E+00,-6.745513E+00
+381.400E-03,+2.262563E+00,-6.745513E+00
+383.050E-03,+2.212312E+00,-6.745412E+00
+384.700E-03,+2.187186E+00,-6.745412E+00
+386.350E-03,+2.152010E+00,-6.746116E+00
+388.000E-03,+2.116834E+00,-6.745814E+00
+389.650E-03,+2.061558E+00,-6.745714E+00
+391.300E-03,+2.021357E+00,-6.746216E+00
+392.950E-03,+1.981156E+00,-6.746216E+00
+394.600E-03,+1.945980E+00,-6.746015E+00
+396.250E-03,+1.935930E+00,-6.746015E+00
+397.900E-03,+1.910804E+00,-6.745513E+00
+399.550E-03,+1.870603E+00,-6.746015E+00
+401.200E-03,+1.850502E+00,-6.746216E+00
+402.850E-03,+1.815327E+00,-6.746015E+00
+404.500E-03,+1.765075E+00,-6.746216E+00
+406.150E-03,+1.699749E+00,-6.746417E+00
+407.800E-03,+1.669598E+00,-6.746518E+00
+409.450E-03,+1.654523E+00,-6.746317E+00
+411.100E-03,+1.619347E+00,-6.746819E+00
+412.750E-03,+1.574121E+00,-6.746618E+00
+414.400E-03,+1.569095E+00,-6.746719E+00
+416.050E-03,+1.528894E+00,-6.746518E+00
+417.700E-03,+1.463568E+00,-6.746819E+00
+419.350E-03,+1.433417E+00,-6.746618E+00
+421.000E-03,+1.443467E+00,-6.746518E+00
+422.650E-03,+1.373116E+00,-6.747121E+00
+424.300E-03,+1.317839E+00,-6.747020E+00
+425.950E-03,+1.292714E+00,-6.747221E+00
+427.600E-03,+1.272613E+00,-6.746920E+00
+429.250E-03,+1.237437E+00,-6.747623E+00
+430.900E-03,+1.182161E+00,-6.747623E+00
+432.550E-03,+1.162060E+00,-6.747623E+00
+434.200E-03,+1.121859E+00,-6.747422E+00
+435.850E-03,+1.086683E+00,-6.747623E+00
+437.500E-03,+1.021357E+00,-6.747523E+00
+439.150E-03,+1.001256E+00,-6.747623E+00
+440.800E-03,+971.105E-03,-6.747724E+00
+442.450E-03,+940.955E-03,-6.748025E+00
+444.100E-03,+900.754E-03,-6.748025E+00
+445.750E-03,+860.553E-03,-6.748126E+00
+447.400E-03,+820.352E-03,-6.748427E+00
+449.050E-03,+790.201E-03,-6.748327E+00
+450.700E-03,+744.975E-03,-6.748327E+00
+452.350E-03,+694.724E-03,-6.748628E+00
+454.000E-03,+649.497E-03,-6.749030E+00
+455.650E-03,+629.397E-03,-6.748427E+00
+457.300E-03,+564.070E-03,-6.749030E+00
+458.950E-03,+528.894E-03,-6.748829E+00
+460.600E-03,+503.769E-03,-6.748829E+00
+462.250E-03,+488.693E-03,-6.748930E+00
+463.900E-03,+433.417E-03,-6.748829E+00
+465.550E-03,+428.392E-03,-6.749332E+00
+467.200E-03,+388.191E-03,-6.749131E+00
+468.850E-03,+347.990E-03,-6.749231E+00
+470.500E-03,+287.688E-03,-6.749533E+00
+472.150E-03,+252.513E-03,-6.749332E+00
+473.800E-03,+202.261E-03,-6.749633E+00
+475.450E-03,+136.935E-03,-6.749734E+00
+477.100E-03,+86.683E-03,-6.749834E+00
+478.750E-03,+61.558E-03,-6.749633E+00
+480.400E-03,+31.407E-03,-6.749935E+00
+482.050E-03,+11.307E-03,-6.750337E+00
+483.700E-03,-33.920E-03,-6.750136E+00
+485.350E-03,-74.121E-03,-6.750337E+00
+487.000E-03,-119.347E-03,-6.750437E+00
+488.650E-03,-144.472E-03,-6.750337E+00
+490.300E-03,-194.724E-03,-6.750839E+00
+491.950E-03,-224.874E-03,-6.751040E+00
+493.600E-03,-300.251E-03,-6.750839E+00
+495.250E-03,-340.452E-03,-6.751040E+00
+496.900E-03,-365.578E-03,-6.751241E+00
+498.550E-03,-445.980E-03,-6.751342E+00
+500.200E-03,-486.181E-03,-6.751543E+00
+501.850E-03,-501.256E-03,-6.751442E+00
+503.500E-03,-526.382E-03,-6.751442E+00
+505.150E-03,-571.608E-03,-6.751543E+00
+506.800E-03,-586.683E-03,-6.751543E+00
+508.450E-03,-621.859E-03,-6.751643E+00
+510.100E-03,-692.211E-03,-6.752045E+00
+511.750E-03,-717.337E-03,-6.752045E+00
+513.400E-03,-762.563E-03,-6.752146E+00
+515.050E-03,-797.739E-03,-6.751844E+00
+516.700E-03,-837.940E-03,-6.751945E+00
+518.350E-03,-873.116E-03,-6.752146E+00
+520.000E-03,-923.367E-03,-6.752347E+00
+521.650E-03,-963.568E-03,-6.752548E+00
+523.300E-03,-1.013819E+00,-6.752849E+00
+524.950E-03,-1.043970E+00,-6.752548E+00
+526.600E-03,-1.059045E+00,-6.752548E+00
+528.250E-03,-1.084171E+00,-6.753050E+00
+529.900E-03,-1.114322E+00,-6.752849E+00
+531.550E-03,-1.154523E+00,-6.752950E+00
+533.200E-03,-1.224874E+00,-6.752849E+00
+534.850E-03,-1.244975E+00,-6.753352E+00
+536.500E-03,-1.275126E+00,-6.753352E+00
+538.150E-03,-1.315327E+00,-6.753452E+00
+539.800E-03,-1.355528E+00,-6.753251E+00
+541.450E-03,-1.395729E+00,-6.753151E+00
+543.100E-03,-1.415829E+00,-6.753553E+00
+544.750E-03,-1.476131E+00,-6.753653E+00
+546.400E-03,-1.526382E+00,-6.754357E+00
+548.050E-03,-1.536432E+00,-6.754357E+00
+549.700E-03,-1.551508E+00,-6.754357E+00
+551.350E-03,-1.601759E+00,-6.754457E+00
+553.000E-03,-1.631910E+00,-6.754256E+00
+554.650E-03,-1.677136E+00,-6.754558E+00
+556.300E-03,-1.727387E+00,-6.754256E+00
+557.950E-03,-1.767588E+00,-6.754457E+00
+559.600E-03,-1.792714E+00,-6.754558E+00
+561.250E-03,-1.792714E+00,-6.754960E+00
+562.900E-03,-1.842965E+00,-6.755161E+00
+564.550E-03,-1.878141E+00,-6.754960E+00
+566.200E-03,-1.933417E+00,-6.755462E+00
+567.850E-03,-1.953518E+00,-6.755261E+00
+569.500E-03,-1.988693E+00,-6.755261E+00
+571.150E-03,-2.013819E+00,-6.755764E+00
+572.800E-03,-2.079146E+00,-6.755764E+00
+574.450E-03,-2.099246E+00,-6.755864E+00
+576.100E-03,-2.144472E+00,-6.755965E+00
+577.750E-03,-2.229899E+00,-6.755965E+00
+579.400E-03,-2.255025E+00,-6.757171E+00
+581.050E-03,-2.250000E+00,-6.755965E+00
+582.700E-03,-2.250000E+00,-6.756065E+00
+584.350E-03,-2.290201E+00,-6.756467E+00
+586.000E-03,-2.315327E+00,-6.756367E+00
+587.650E-03,-2.345477E+00,-6.756869E+00
+589.300E-03,-2.375628E+00,-6.756467E+00
+590.950E-03,-2.410804E+00,-6.757070E+00
+592.600E-03,-2.430905E+00,-6.756668E+00
+594.250E-03,-2.471106E+00,-6.757171E+00
+595.900E-03,-2.496231E+00,-6.757372E+00
+597.550E-03,-2.551508E+00,-6.757472E+00
+599.200E-03,-2.581658E+00,-6.757472E+00
+600.850E-03,-2.601759E+00,-6.757673E+00
+602.500E-03,-2.641960E+00,-6.757472E+00
+604.150E-03,-2.677136E+00,-6.757372E+00
+605.800E-03,-2.692211E+00,-6.757573E+00
+607.450E-03,-2.687186E+00,-6.757774E+00
+609.100E-03,-2.742462E+00,-6.757673E+00
+610.750E-03,-2.782663E+00,-6.757774E+00
+612.400E-03,-2.802764E+00,-6.758075E+00
+614.050E-03,-2.842965E+00,-6.757975E+00
+615.700E-03,-2.883166E+00,-6.757573E+00
+617.350E-03,-2.893216E+00,-6.758276E+00
+619.000E-03,-2.923367E+00,-6.758075E+00
+620.650E-03,-2.943467E+00,-6.758276E+00
+622.300E-03,-2.963568E+00,-6.758477E+00
+623.950E-03,-2.983668E+00,-6.758678E+00
+625.600E-03,-3.023869E+00,-6.758578E+00
+627.250E-03,-3.038945E+00,-6.758980E+00
+628.900E-03,-3.054020E+00,-6.758980E+00
+630.550E-03,-3.064070E+00,-6.758779E+00
+632.200E-03,-3.084171E+00,-6.758578E+00
+633.850E-03,-3.159548E+00,-6.759080E+00
+635.500E-03,-3.169598E+00,-6.758578E+00
+637.150E-03,-3.179648E+00,-6.758879E+00
+638.800E-03,-3.209799E+00,-6.758980E+00
+640.450E-03,-3.250000E+00,-6.759181E+00
+642.100E-03,-3.265075E+00,-6.759382E+00
+643.750E-03,-3.285176E+00,-6.759181E+00
+645.400E-03,-3.285176E+00,-6.759281E+00
+647.050E-03,-3.315327E+00,-6.759884E+00
+648.700E-03,-3.340452E+00,-6.759884E+00
+650.350E-03,-3.335427E+00,-6.759784E+00
+652.000E-03,-3.345477E+00,-6.759884E+00
+653.650E-03,-3.375628E+00,-6.759683E+00
+655.300E-03,-3.410804E+00,-6.760387E+00
+656.950E-03,-3.476131E+00,-6.760286E+00
+658.600E-03,-3.481156E+00,-6.760085E+00
+660.250E-03,-3.491206E+00,-6.760487E+00
+661.900E-03,-3.496231E+00,-6.760487E+00
+663.550E-03,-3.511307E+00,-6.760588E+00
+665.200E-03,-3.526382E+00,-6.760688E+00
+666.850E-03,-3.556533E+00,-6.760688E+00
+668.500E-03,-3.556533E+00,-6.760889E+00
+670.150E-03,-3.551508E+00,-6.760990E+00
+671.800E-03,-3.571608E+00,-6.760990E+00
+673.450E-03,-3.631910E+00,-6.761091E+00
+675.100E-03,-3.631910E+00,-6.760487E+00
+676.750E-03,-3.652010E+00,-6.761091E+00
+678.400E-03,-3.687186E+00,-6.761191E+00
+680.050E-03,-3.672111E+00,-6.761091E+00
+681.700E-03,-3.687186E+00,-6.761292E+00
+683.350E-03,-3.677136E+00,-6.761191E+00
+685.000E-03,-3.692211E+00,-6.761191E+00
+686.650E-03,-3.702261E+00,-6.761392E+00
+688.300E-03,-3.717337E+00,-6.761493E+00
+689.950E-03,-3.732412E+00,-6.761794E+00
+691.600E-03,-3.732412E+00,-6.761392E+00
+693.250E-03,-3.772613E+00,-6.761493E+00
+694.900E-03,-3.772613E+00,-6.761794E+00
+696.550E-03,-3.802764E+00,-6.761895E+00
+698.200E-03,-3.792714E+00,-6.761895E+00
+699.850E-03,-3.802764E+00,-6.761995E+00
+701.500E-03,-3.812814E+00,-6.762096E+00
+703.150E-03,-3.827889E+00,-6.761995E+00
+704.800E-03,-3.837940E+00,-6.762196E+00
+706.450E-03,-3.817839E+00,-6.761995E+00
+708.100E-03,-3.827889E+00,-6.762096E+00
+709.750E-03,-3.847990E+00,-6.761895E+00
+711.400E-03,-3.858040E+00,-6.761995E+00
+713.050E-03,-3.863065E+00,-6.762096E+00
+714.700E-03,-3.863065E+00,-6.762096E+00
+716.350E-03,-3.878141E+00,-6.762096E+00
+718.000E-03,-3.898241E+00,-6.762297E+00
+719.650E-03,-3.908291E+00,-6.762598E+00
+721.300E-03,-3.873116E+00,-6.762397E+00
+722.950E-03,-3.893216E+00,-6.762598E+00
+724.600E-03,-3.888191E+00,-6.762196E+00
+726.250E-03,-3.888191E+00,-6.762598E+00
+727.900E-03,-3.908291E+00,-6.762799E+00
+729.550E-03,-3.928392E+00,-6.762498E+00
+731.200E-03,-3.893216E+00,-6.762498E+00
+732.850E-03,-3.903266E+00,-6.762598E+00
+734.500E-03,-3.908291E+00,-6.762699E+00
+736.150E-03,-3.923367E+00,-6.762498E+00
+737.800E-03,-3.918342E+00,-6.763000E+00
+739.450E-03,-3.913317E+00,-6.762900E+00
+741.100E-03,-3.908291E+00,-6.762900E+00
+742.750E-03,-3.893216E+00,-6.763000E+00
+744.400E-03,-3.903266E+00,-6.763101E+00
+746.050E-03,-3.873116E+00,-6.763201E+00
+747.700E-03,-3.868090E+00,-6.763302E+00
+749.350E-03,-3.853015E+00,-6.762900E+00
+751.000E-03,-3.847990E+00,-6.762900E+00
+752.650E-03,-3.878141E+00,-6.763000E+00
+754.300E-03,-3.878141E+00,-6.762699E+00
+755.950E-03,-3.883166E+00,-6.763000E+00
+757.600E-03,-3.888191E+00,-6.763503E+00
+759.250E-03,-3.908291E+00,-6.763201E+00
+760.900E-03,-3.847990E+00,-6.763201E+00
+762.550E-03,-3.842965E+00,-6.763302E+00
+764.200E-03,-3.842965E+00,-6.763201E+00
+765.850E-03,-3.847990E+00,-6.762900E+00
+767.500E-03,-3.822864E+00,-6.763101E+00
+769.150E-03,-3.812814E+00,-6.763201E+00
+770.800E-03,-3.802764E+00,-6.763302E+00
+772.450E-03,-3.792714E+00,-6.763101E+00
+774.100E-03,-3.782663E+00,-6.762900E+00
+775.750E-03,-3.797739E+00,-6.763302E+00
+777.400E-03,-3.802764E+00,-6.763603E+00
+779.050E-03,-3.767588E+00,-6.763201E+00
+780.700E-03,-3.732412E+00,-6.763201E+00
+782.350E-03,-3.732412E+00,-6.763402E+00
+784.000E-03,-3.707286E+00,-6.763503E+00
+785.650E-03,-3.697236E+00,-6.763101E+00
+787.300E-03,-3.692211E+00,-6.763402E+00
+788.950E-03,-3.697236E+00,-6.763201E+00
+790.600E-03,-3.672111E+00,-6.763402E+00
+792.250E-03,-3.636935E+00,-6.763402E+00
+793.900E-03,-3.636935E+00,-6.763000E+00
+795.550E-03,-3.652010E+00,-6.763302E+00
+797.200E-03,-3.636935E+00,-6.763201E+00
+798.850E-03,-3.636935E+00,-6.763201E+00
+800.500E-03,-3.581658E+00,-6.763503E+00
+802.150E-03,-3.561558E+00,-6.763201E+00
+803.800E-03,-3.571608E+00,-6.763101E+00
+805.450E-03,-3.546482E+00,-6.763302E+00
+807.100E-03,-3.521357E+00,-6.763402E+00
+808.750E-03,-3.496231E+00,-6.763000E+00
+810.400E-03,-3.466080E+00,-6.763402E+00
+812.050E-03,-3.445980E+00,-6.763302E+00
+813.700E-03,-3.461055E+00,-6.763201E+00
+815.350E-03,-3.451005E+00,-6.763101E+00
+817.000E-03,-3.430905E+00,-6.763201E+00
+818.650E-03,-3.415829E+00,-6.763201E+00
+820.300E-03,-3.375628E+00,-6.762799E+00
+821.950E-03,-3.355528E+00,-6.763201E+00
+823.600E-03,-3.330402E+00,-6.763000E+00
+825.250E-03,-3.320352E+00,-6.763101E+00
+826.900E-03,-3.300251E+00,-6.763302E+00
+828.550E-03,-3.250000E+00,-6.762799E+00
+830.200E-03,-3.255025E+00,-6.763302E+00
+831.850E-03,-3.219849E+00,-6.763000E+00
+833.500E-03,-3.229899E+00,-6.762799E+00
+835.150E-03,-3.219849E+00,-6.762799E+00
+836.800E-03,-3.199749E+00,-6.763101E+00
+838.450E-03,-3.184673E+00,-6.763000E+00
+840.100E-03,-3.154523E+00,-6.763000E+00
+841.750E-03,-3.119347E+00,-6.762699E+00
+843.400E-03,-3.069095E+00,-6.762498E+00
+845.050E-03,-3.048995E+00,-6.763000E+00
+846.700E-03,-3.003769E+00,-6.763000E+00
+848.350E-03,-2.973618E+00,-6.762900E+00
+850.000E-03,-2.968593E+00,-6.762598E+00
+851.650E-03,-2.943467E+00,-6.762699E+00
+853.300E-03,-2.928392E+00,-6.762498E+00
+854.950E-03,-2.893216E+00,-6.762498E+00
+856.600E-03,-2.893216E+00,-6.762397E+00
+858.250E-03,-2.863065E+00,-6.762397E+00
+859.900E-03,-2.817839E+00,-6.762397E+00
+861.550E-03,-2.797739E+00,-6.762397E+00
+863.200E-03,-2.757538E+00,-6.761895E+00
+864.850E-03,-2.742462E+00,-6.762297E+00
+866.500E-03,-2.707286E+00,-6.762297E+00
+868.150E-03,-2.646985E+00,-6.762297E+00
+869.800E-03,-2.636935E+00,-6.761995E+00
+871.450E-03,-2.626884E+00,-6.761694E+00
+873.100E-03,-2.591709E+00,-6.762096E+00
+874.750E-03,-2.566583E+00,-6.761895E+00
+876.400E-03,-2.536432E+00,-6.761895E+00
+878.050E-03,-2.531407E+00,-6.761794E+00
+879.700E-03,-2.496231E+00,-6.761895E+00
+881.350E-03,-2.435930E+00,-6.761694E+00
+883.000E-03,-2.410804E+00,-6.761493E+00
+884.650E-03,-2.385678E+00,-6.761794E+00
+886.300E-03,-2.360553E+00,-6.761392E+00
+887.950E-03,-2.320352E+00,-6.761593E+00
+889.600E-03,-2.290201E+00,-6.761392E+00
+891.250E-03,-2.265075E+00,-6.761593E+00
+892.900E-03,-2.219849E+00,-6.761191E+00
+894.550E-03,-2.189698E+00,-6.761493E+00
+896.200E-03,-2.169598E+00,-6.761091E+00
+897.850E-03,-2.144472E+00,-6.760990E+00
+899.500E-03,-2.109296E+00,-6.761191E+00
+901.150E-03,-2.054020E+00,-6.761191E+00
+902.800E-03,-2.018844E+00,-6.760990E+00
+904.450E-03,-1.983668E+00,-6.761091E+00
+906.100E-03,-1.953518E+00,-6.761091E+00
+907.750E-03,-1.888191E+00,-6.760889E+00
+909.400E-03,-1.842965E+00,-6.761392E+00
+911.050E-03,-1.817839E+00,-6.760789E+00
+912.700E-03,-1.777638E+00,-6.760487E+00
+914.350E-03,-1.757538E+00,-6.760387E+00
+916.000E-03,-1.737437E+00,-6.760487E+00
+917.650E-03,-1.717337E+00,-6.760487E+00
+919.300E-03,-1.692211E+00,-6.760286E+00
+920.950E-03,-1.631910E+00,-6.760186E+00
+922.600E-03,-1.591709E+00,-6.760085E+00
+924.250E-03,-1.576633E+00,-6.759985E+00
+925.900E-03,-1.541457E+00,-6.759985E+00
+927.550E-03,-1.466080E+00,-6.759985E+00
+929.200E-03,-1.425879E+00,-6.759784E+00
+930.850E-03,-1.390704E+00,-6.759683E+00
+932.500E-03,-1.380653E+00,-6.759985E+00
+934.150E-03,-1.350503E+00,-6.759583E+00
+935.800E-03,-1.325377E+00,-6.759884E+00
+937.450E-03,-1.275126E+00,-6.759281E+00
+939.100E-03,-1.234925E+00,-6.759382E+00
+940.750E-03,-1.174623E+00,-6.759181E+00
+942.400E-03,-1.154523E+00,-6.759181E+00
+944.050E-03,-1.129397E+00,-6.759583E+00
+945.700E-03,-1.094221E+00,-6.759181E+00
+947.350E-03,-1.023869E+00,-6.758779E+00
+949.000E-03,-988.693E-03,-6.758980E+00
+950.650E-03,-963.568E-03,-6.758779E+00
+952.300E-03,-893.216E-03,-6.758678E+00
+953.950E-03,-858.040E-03,-6.758477E+00
+955.600E-03,-853.015E-03,-6.758377E+00
+957.250E-03,-832.915E-03,-6.758477E+00
+958.900E-03,-812.814E-03,-6.758377E+00
+960.550E-03,-737.437E-03,-6.758176E+00
+962.200E-03,-677.136E-03,-6.757975E+00
+963.850E-03,-662.060E-03,-6.757372E+00
+965.500E-03,-596.734E-03,-6.757874E+00
+967.150E-03,-531.407E-03,-6.757975E+00
+968.800E-03,-531.407E-03,-6.758176E+00
+970.450E-03,-511.307E-03,-6.757975E+00
+972.100E-03,-461.055E-03,-6.757874E+00
+973.750E-03,-415.829E-03,-6.757874E+00
+975.400E-03,-375.628E-03,-6.757372E+00
+977.050E-03,-360.553E-03,-6.757372E+00
+978.700E-03,-315.327E-03,-6.757271E+00
+980.350E-03,-244.975E-03,-6.756970E+00
+982.000E-03,-189.699E-03,-6.757070E+00
+983.650E-03,-159.548E-03,-6.756869E+00
+985.300E-03,-114.322E-03,-6.756568E+00
+986.950E-03,-89.196E-03,-6.757070E+00
+988.600E-03,-23.869E-03,-6.756568E+00
+990.250E-03,+1.256E-03,-6.756769E+00
+991.900E-03,+31.407E-03,-6.756769E+00
+993.550E-03,+46.482E-03,-6.756367E+00
+995.200E-03,+61.558E-03,-6.756266E+00
+996.850E-03,+91.709E-03,-6.756367E+00
+998.500E-03,+146.985E-03,-6.756467E+00
+1.000150E+00,+182.161E-03,-6.756166E+00
+1.001800E+00,+237.437E-03,-6.755965E+00
+1.003450E+00,+287.688E-03,-6.755965E+00
+1.005100E+00,+337.940E-03,-6.755965E+00
+1.006750E+00,+363.065E-03,-6.756065E+00
+1.008400E+00,+423.367E-03,-6.755563E+00
+1.010050E+00,+453.518E-03,-6.755563E+00
+1.011700E+00,+493.719E-03,-6.755060E+00
+1.013350E+00,+543.970E-03,-6.755261E+00
+1.015000E+00,+574.121E-03,-6.755261E+00
+1.016650E+00,+599.246E-03,-6.754859E+00
+1.018300E+00,+594.221E-03,-6.755161E+00
+1.019950E+00,+669.598E-03,-6.755060E+00
+1.021600E+00,+714.824E-03,-6.754658E+00
+1.023250E+00,+750.000E-03,-6.754759E+00
+1.024900E+00,+800.251E-03,-6.754759E+00
+1.026550E+00,+850.502E-03,-6.754457E+00
+1.028200E+00,+890.703E-03,-6.754457E+00
+1.029850E+00,+910.804E-03,-6.754256E+00
+1.031500E+00,+956.030E-03,-6.754156E+00
+1.033150E+00,+981.156E-03,-6.753955E+00
+1.034800E+00,+1.026382E+00,-6.753754E+00
+1.036450E+00,+1.076633E+00,-6.753955E+00
+1.038100E+00,+1.081658E+00,-6.753653E+00
+1.039750E+00,+1.141960E+00,-6.753452E+00
+1.041400E+00,+1.177136E+00,-6.753452E+00
+1.043050E+00,+1.217337E+00,-6.753050E+00
+1.044700E+00,+1.257538E+00,-6.753553E+00
+1.046350E+00,+1.292714E+00,-6.753151E+00
+1.048000E+00,+1.337940E+00,-6.753452E+00
+1.049650E+00,+1.353015E+00,-6.752347E+00
+1.051300E+00,+1.398241E+00,-6.752849E+00
+1.052950E+00,+1.423367E+00,-6.752648E+00
+1.054600E+00,+1.453518E+00,-6.752849E+00
+1.056250E+00,+1.463568E+00,-6.752548E+00
+1.057900E+00,+1.503769E+00,-6.752648E+00
+1.059550E+00,+1.579146E+00,-6.752447E+00
+1.061200E+00,+1.594221E+00,-6.752347E+00
+1.062850E+00,+1.629397E+00,-6.752246E+00
+1.064500E+00,+1.644472E+00,-6.752447E+00
+1.066150E+00,+1.689698E+00,-6.752246E+00
+1.067800E+00,+1.739950E+00,-6.752045E+00
+1.069450E+00,+1.795226E+00,-6.751844E+00
+1.071100E+00,+1.800251E+00,-6.751744E+00
+1.072750E+00,+1.845477E+00,-6.751543E+00
+1.074400E+00,+1.855528E+00,-6.751643E+00
+1.076050E+00,+1.885678E+00,-6.751543E+00
+1.077700E+00,+1.890703E+00,-6.751342E+00
+1.079350E+00,+1.920854E+00,-6.750940E+00
+1.081000E+00,+1.971105E+00,-6.751141E+00
+1.082650E+00,+2.001256E+00,-6.751241E+00
+1.084300E+00,+2.046482E+00,-6.750940E+00
+1.085950E+00,+2.096734E+00,-6.751241E+00
+1.087600E+00,+2.106784E+00,-6.750839E+00
+1.089250E+00,+2.146985E+00,-6.750739E+00
+1.090900E+00,+2.192211E+00,-6.750839E+00
+1.092550E+00,+2.217337E+00,-6.750638E+00
+1.094200E+00,+2.242462E+00,-6.750337E+00
+1.095850E+00,+2.267588E+00,-6.750538E+00
+1.097500E+00,+2.302764E+00,-6.750136E+00
+1.099150E+00,+2.327889E+00,-6.749935E+00
+1.100800E+00,+2.388191E+00,-6.749935E+00
+1.102450E+00,+2.413317E+00,-6.750035E+00
+1.104100E+00,+2.408291E+00,-6.750236E+00
+1.105750E+00,+2.438442E+00,-6.749935E+00
+1.107400E+00,+2.473618E+00,-6.749734E+00
+1.109050E+00,+2.503769E+00,-6.749533E+00
+1.110700E+00,+2.533920E+00,-6.749231E+00
+1.112350E+00,+2.559045E+00,-6.749131E+00
+1.114000E+00,+2.594221E+00,-6.749432E+00
+1.115650E+00,+2.614322E+00,-6.749231E+00
+1.117300E+00,+2.644472E+00,-6.748729E+00
+1.118950E+00,+2.634422E+00,-6.749030E+00
+1.120600E+00,+2.694724E+00,-6.749131E+00
+1.122250E+00,+2.704774E+00,-6.748729E+00
+1.123900E+00,+2.750000E+00,-6.748729E+00
+1.125550E+00,+2.765075E+00,-6.748628E+00
+1.127200E+00,+2.810301E+00,-6.748528E+00
+1.128850E+00,+2.860553E+00,-6.748327E+00
+1.130500E+00,+2.855528E+00,-6.748427E+00
+1.132150E+00,+2.845477E+00,-6.748327E+00
+1.133800E+00,+2.870603E+00,-6.748226E+00
+1.135450E+00,+2.905779E+00,-6.748126E+00
+1.137100E+00,+2.925879E+00,-6.747925E+00
+1.138750E+00,+2.915829E+00,-6.748126E+00
+1.140400E+00,+2.956030E+00,-6.748126E+00
+1.142050E+00,+2.976131E+00,-6.747623E+00
+1.143700E+00,+2.996231E+00,-6.747925E+00
+1.145350E+00,+3.041457E+00,-6.748126E+00
+1.147000E+00,+3.086683E+00,-6.747623E+00
+1.148650E+00,+3.101759E+00,-6.747623E+00
+1.150300E+00,+3.121859E+00,-6.747724E+00
+1.151950E+00,+3.131909E+00,-6.747322E+00
+1.153600E+00,+3.131909E+00,-6.747422E+00
+1.155250E+00,+3.187186E+00,-6.747221E+00
+1.156900E+00,+3.192211E+00,-6.747020E+00
+1.158550E+00,+3.217337E+00,-6.747020E+00
+1.160200E+00,+3.232412E+00,-6.746618E+00
+1.161850E+00,+3.247487E+00,-6.747020E+00
+1.163500E+00,+3.277638E+00,-6.746920E+00
+1.165150E+00,+3.277638E+00,-6.747020E+00
+1.166800E+00,+3.297739E+00,-6.747020E+00
+1.168450E+00,+3.312814E+00,-6.746719E+00
+1.170100E+00,+3.327889E+00,-6.746719E+00
+1.171750E+00,+3.322864E+00,-6.746216E+00
+1.173400E+00,+3.358040E+00,-6.746417E+00
+1.175050E+00,+3.358040E+00,-6.746116E+00
+1.176700E+00,+3.358040E+00,-6.746317E+00
+1.178350E+00,+3.363065E+00,-6.746116E+00
+1.180000E+00,+3.398241E+00,-6.746518E+00
+1.181650E+00,+3.428392E+00,-6.746116E+00
+1.183300E+00,+3.423367E+00,-6.746015E+00
+1.184950E+00,+3.423367E+00,-6.746417E+00
+1.186600E+00,+3.443467E+00,-6.746116E+00
+1.188250E+00,+3.473618E+00,-6.746116E+00
+1.189900E+00,+3.468593E+00,-6.746015E+00
+1.191550E+00,+3.463568E+00,-6.746116E+00
+1.193200E+00,+3.483668E+00,-6.745814E+00
+1.194850E+00,+3.503769E+00,-6.745312E+00
+1.196500E+00,+3.508794E+00,-6.745613E+00
+1.198150E+00,+3.508794E+00,-6.745412E+00
+1.199800E+00,+3.523869E+00,-6.745714E+00
+1.201450E+00,+3.528894E+00,-6.745312E+00
+1.203100E+00,+3.533920E+00,-6.745613E+00
+1.204750E+00,+3.564070E+00,-6.745513E+00
+1.206400E+00,+3.589196E+00,-6.745312E+00
+1.208050E+00,+3.579146E+00,-6.745412E+00
+1.209700E+00,+3.599246E+00,-6.745412E+00
+1.211350E+00,+3.579146E+00,-6.745412E+00
+1.213000E+00,+3.569095E+00,-6.745111E+00
+1.214650E+00,+3.589196E+00,-6.744407E+00
+1.216300E+00,+3.599246E+00,-6.744809E+00
+1.217950E+00,+3.594221E+00,-6.744809E+00
+1.219600E+00,+3.599246E+00,-6.744608E+00
+1.221250E+00,+3.599246E+00,-6.744709E+00
+1.222900E+00,+3.604271E+00,-6.744508E+00
+1.224550E+00,+3.624372E+00,-6.745312E+00
+1.226200E+00,+3.639447E+00,-6.744709E+00
+1.227850E+00,+3.654523E+00,-6.744809E+00
+1.229500E+00,+3.619347E+00,-6.744608E+00
+1.231150E+00,+3.629397E+00,-6.744508E+00
+1.232800E+00,+3.614322E+00,-6.744307E+00
+1.234450E+00,+3.609296E+00,-6.744307E+00
+1.236100E+00,+3.614322E+00,-6.744407E+00
+1.237750E+00,+3.604271E+00,-6.744005E+00
+1.239400E+00,+3.609296E+00,-6.744106E+00
+1.241050E+00,+3.604271E+00,-6.744709E+00
+1.242700E+00,+3.604271E+00,-6.744608E+00
+1.244350E+00,+3.604271E+00,-6.744307E+00
+1.246000E+00,+3.619347E+00,-6.744206E+00
+1.247650E+00,+3.634422E+00,-6.744106E+00
+1.249300E+00,+3.629397E+00,-6.744005E+00
+1.250950E+00,+3.619347E+00,-6.743804E+00
+1.252600E+00,+3.589196E+00,-6.744206E+00
+1.254250E+00,+3.564070E+00,-6.744005E+00
+1.255900E+00,+3.554020E+00,-6.744005E+00
+1.257550E+00,+3.528894E+00,-6.744106E+00
+1.259200E+00,+3.538945E+00,-6.744206E+00
+1.260850E+00,+3.548995E+00,-6.744005E+00
+1.262500E+00,+3.554020E+00,-6.744307E+00
+1.264150E+00,+3.564070E+00,-6.743804E+00
+1.265800E+00,+3.548995E+00,-6.743905E+00
+1.267450E+00,+3.554020E+00,-6.743905E+00
+1.269100E+00,+3.538945E+00,-6.744106E+00
+1.270750E+00,+3.538945E+00,-6.744005E+00
+1.272400E+00,+3.543970E+00,-6.743905E+00
+1.274050E+00,+3.503769E+00,-6.743905E+00
+1.275700E+00,+3.493719E+00,-6.744106E+00
+1.277350E+00,+3.463568E+00,-6.743804E+00
+1.279000E+00,+3.468593E+00,-6.744005E+00
+1.280650E+00,+3.458543E+00,-6.744307E+00
+1.282300E+00,+3.443467E+00,-6.744206E+00
+1.283950E+00,+3.418342E+00,-6.744106E+00
+1.285600E+00,+3.418342E+00,-6.744307E+00
+1.287250E+00,+3.408291E+00,-6.743905E+00
+1.288900E+00,+3.393216E+00,-6.744106E+00
+1.290550E+00,+3.383166E+00,-6.744206E+00
+1.292200E+00,+3.363065E+00,-6.744106E+00
+1.293850E+00,+3.368090E+00,-6.743503E+00
+1.295500E+00,+3.337940E+00,-6.744005E+00
+1.297150E+00,+3.317839E+00,-6.743804E+00
+1.298800E+00,+3.307789E+00,-6.744106E+00
+1.300450E+00,+3.312814E+00,-6.744005E+00
+1.302100E+00,+3.302764E+00,-6.743905E+00
+1.303750E+00,+3.262563E+00,-6.744106E+00
+1.305400E+00,+3.257538E+00,-6.744307E+00
+1.307050E+00,+3.237437E+00,-6.744106E+00
+1.308700E+00,+3.227387E+00,-6.743905E+00
+1.310350E+00,+3.192211E+00,-6.744005E+00
+1.312000E+00,+3.172110E+00,-6.744206E+00
+1.313650E+00,+3.167085E+00,-6.743905E+00
+1.315300E+00,+3.141960E+00,-6.744106E+00
+1.316950E+00,+3.126884E+00,-6.743603E+00
+1.318600E+00,+3.096734E+00,-6.744206E+00
+1.320250E+00,+3.066583E+00,-6.744005E+00
+1.321900E+00,+3.071608E+00,-6.743905E+00
+1.323550E+00,+3.016332E+00,-6.744307E+00
+1.325200E+00,+3.006281E+00,-6.744206E+00
+1.326850E+00,+2.981156E+00,-6.744508E+00
+1.328500E+00,+2.976131E+00,-6.744608E+00
+1.330150E+00,+2.945980E+00,-6.744608E+00
+1.331800E+00,+2.925879E+00,-6.744608E+00
+1.333450E+00,+2.920854E+00,-6.744407E+00
+1.335100E+00,+2.890703E+00,-6.744307E+00
+1.336750E+00,+2.845477E+00,-6.744709E+00
+1.338400E+00,+2.815327E+00,-6.744307E+00
+1.340050E+00,+2.790201E+00,-6.744407E+00
+1.341700E+00,+2.795226E+00,-6.744407E+00
+1.343350E+00,+2.739950E+00,-6.744608E+00
+1.345000E+00,+2.709799E+00,-6.744709E+00
+1.346650E+00,+2.719849E+00,-6.744608E+00
+1.348300E+00,+2.684673E+00,-6.744910E+00
+1.349950E+00,+2.654523E+00,-6.745010E+00
+1.351600E+00,+2.624372E+00,-6.744910E+00
+1.353250E+00,+2.639447E+00,-6.744809E+00
+1.354900E+00,+2.599246E+00,-6.744608E+00
+1.356550E+00,+2.538945E+00,-6.744910E+00
+1.358200E+00,+2.493719E+00,-6.745010E+00
+1.359850E+00,+2.478643E+00,-6.744910E+00
+1.361500E+00,+2.458543E+00,-6.745111E+00
+1.363150E+00,+2.433417E+00,-6.745211E+00
+1.364800E+00,+2.403266E+00,-6.745312E+00
+1.366450E+00,+2.383166E+00,-6.745211E+00
+1.368100E+00,+2.378141E+00,-6.745412E+00
+1.369750E+00,+2.327889E+00,-6.745412E+00
+1.371400E+00,+2.302764E+00,-6.745211E+00
+1.373050E+00,+2.262563E+00,-6.745513E+00
+1.374700E+00,+2.252513E+00,-6.745714E+00
+1.376350E+00,+2.227387E+00,-6.745613E+00
+1.378000E+00,+2.162060E+00,-6.745412E+00
+1.379650E+00,+2.152010E+00,-6.745613E+00
+1.381300E+00,+2.106784E+00,-6.745613E+00
+1.382950E+00,+2.071608E+00,-6.745814E+00
+1.384600E+00,+2.051507E+00,-6.746618E+00
+1.386250E+00,+2.026382E+00,-6.745412E+00
+1.387900E+00,+1.996231E+00,-6.746015E+00
+1.389550E+00,+1.945980E+00,-6.746417E+00
+1.391200E+00,+1.915829E+00,-6.746015E+00
+1.392850E+00,+1.890703E+00,-6.746116E+00
+1.394500E+00,+1.865578E+00,-6.745915E+00
+1.396150E+00,+1.790201E+00,-6.746317E+00
+1.397800E+00,+1.750000E+00,-6.746116E+00
+1.399450E+00,+1.729899E+00,-6.746116E+00
+1.401100E+00,+1.704774E+00,-6.746216E+00
+1.402750E+00,+1.684673E+00,-6.746116E+00
+1.404400E+00,+1.659548E+00,-6.746618E+00
+1.406050E+00,+1.634422E+00,-6.746317E+00
+1.407700E+00,+1.589196E+00,-6.746618E+00
+1.409350E+00,+1.548995E+00,-6.746719E+00
+1.411000E+00,+1.523869E+00,-6.747020E+00
+1.412650E+00,+1.478643E+00,-6.746819E+00
+1.414300E+00,+1.428392E+00,-6.746719E+00
+1.415950E+00,+1.388191E+00,-6.746920E+00
+1.417600E+00,+1.342965E+00,-6.746719E+00
+1.419250E+00,+1.327889E+00,-6.746920E+00
+1.420900E+00,+1.317839E+00,-6.747322E+00
+1.422550E+00,+1.307789E+00,-6.747020E+00
+1.424200E+00,+1.242462E+00,-6.747422E+00
+1.425850E+00,+1.227387E+00,-6.747523E+00
+1.427500E+00,+1.187186E+00,-6.747824E+00
+1.429150E+00,+1.136935E+00,-6.747724E+00
+1.430800E+00,+1.096734E+00,-6.747724E+00
+1.432450E+00,+1.016332E+00,-6.748226E+00
+1.434100E+00,+996.231E-03,-6.748126E+00
+1.435750E+00,+966.080E-03,-6.747925E+00
+1.437400E+00,+920.854E-03,-6.748226E+00
+1.439050E+00,+885.678E-03,-6.748126E+00
+1.440700E+00,+870.603E-03,-6.748528E+00
+1.442350E+00,+815.327E-03,-6.748427E+00
+1.444000E+00,+775.126E-03,-6.748327E+00
+1.445650E+00,+755.025E-03,-6.748628E+00
+1.447300E+00,+709.799E-03,-6.748829E+00
+1.448950E+00,+684.673E-03,-6.749131E+00
+1.450600E+00,+634.422E-03,-6.749131E+00
+1.452250E+00,+574.121E-03,-6.749231E+00
+1.453900E+00,+559.045E-03,-6.749030E+00
+1.455550E+00,+503.769E-03,-6.749131E+00
+1.457200E+00,+453.518E-03,-6.748829E+00
+1.458850E+00,+413.317E-03,-6.749231E+00
+1.460500E+00,+393.216E-03,-6.749231E+00
+1.462150E+00,+353.015E-03,-6.749533E+00
+1.463800E+00,+302.764E-03,-6.749734E+00
+1.465450E+00,+292.714E-03,-6.749332E+00
+1.467100E+00,+267.588E-03,-6.749935E+00
+1.468750E+00,+237.437E-03,-6.749834E+00
+1.470400E+00,+177.136E-03,-6.750035E+00
+1.472050E+00,+126.884E-03,-6.750136E+00
+1.473700E+00,+106.784E-03,-6.750236E+00
+1.475350E+00,+56.533E-03,-6.750035E+00
+1.477000E+00,+6.281E-03,-6.750236E+00
+1.478650E+00,-54.020E-03,-6.750437E+00
+1.480300E+00,-54.020E-03,-6.750437E+00
+1.481950E+00,-79.146E-03,-6.750437E+00
+1.483600E+00,-154.523E-03,-6.750538E+00
+1.485250E+00,-169.598E-03,-6.750839E+00
+1.486900E+00,-194.724E-03,-6.750538E+00
+1.488550E+00,-244.975E-03,-6.750739E+00
+1.490200E+00,-290.201E-03,-6.751040E+00
+1.491850E+00,-325.377E-03,-6.751141E+00
+1.493500E+00,-365.578E-03,-6.751241E+00
+1.495150E+00,-425.879E-03,-6.750839E+00
+1.496800E+00,-476.131E-03,-6.751442E+00
+1.498450E+00,-536.432E-03,-6.751342E+00
+1.500100E+00,-541.457E-03,-6.751643E+00
+1.501750E+00,-571.608E-03,-6.751543E+00
+1.503400E+00,-611.809E-03,-6.751744E+00
+1.505050E+00,-646.985E-03,-6.752347E+00
+1.506700E+00,-697.236E-03,-6.752045E+00
+1.508350E+00,-722.362E-03,-6.752045E+00
+1.510000E+00,-767.588E-03,-6.752447E+00
+1.511650E+00,-797.739E-03,-6.752045E+00
+1.513300E+00,-822.864E-03,-6.752045E+00
+1.514950E+00,-883.166E-03,-6.752447E+00
+1.516600E+00,-943.467E-03,-6.752447E+00
+1.518250E+00,-1.008794E+00,-6.752648E+00
+1.519900E+00,-1.008794E+00,-6.752447E+00
+1.521550E+00,-1.023869E+00,-6.752749E+00
+1.523200E+00,-1.084171E+00,-6.753352E+00
+1.524850E+00,-1.129397E+00,-6.752950E+00
+1.526500E+00,-1.154523E+00,-6.753553E+00
+1.528150E+00,-1.159548E+00,-6.753251E+00
+1.529800E+00,-1.209799E+00,-6.753452E+00
+1.531450E+00,-1.270101E+00,-6.753653E+00
+1.533100E+00,-1.270101E+00,-6.753151E+00
+1.534750E+00,-1.335427E+00,-6.753352E+00
+1.536400E+00,-1.405779E+00,-6.753452E+00
+1.538050E+00,-1.445980E+00,-6.753452E+00
+1.539700E+00,-1.440955E+00,-6.753754E+00
+1.541350E+00,-1.481156E+00,-6.753754E+00
+1.543000E+00,-1.551508E+00,-6.754055E+00
+1.544650E+00,-1.581658E+00,-6.754457E+00
+1.546300E+00,-1.581658E+00,-6.754457E+00
+1.547950E+00,-1.616834E+00,-6.754859E+00
+1.549600E+00,-1.657035E+00,-6.754759E+00
+1.551250E+00,-1.702261E+00,-6.754859E+00
+1.552900E+00,-1.727387E+00,-6.754960E+00
+1.554550E+00,-1.762563E+00,-6.754759E+00
+1.556200E+00,-1.797739E+00,-6.754859E+00
+1.557850E+00,-1.847990E+00,-6.754960E+00
+1.559500E+00,-1.868090E+00,-6.755161E+00
+1.561150E+00,-1.888191E+00,-6.755261E+00
+1.562800E+00,-1.948492E+00,-6.755462E+00
+1.564450E+00,-1.953518E+00,-6.755261E+00
+1.566100E+00,-1.988693E+00,-6.755462E+00
+1.567750E+00,-2.023869E+00,-6.755462E+00
+1.569400E+00,-2.094221E+00,-6.756065E+00
+1.571050E+00,-2.099246E+00,-6.755965E+00
+1.572700E+00,-2.139447E+00,-6.755764E+00
+1.574350E+00,-2.204774E+00,-6.756065E+00
+1.576000E+00,-2.250000E+00,-6.756367E+00
+1.577650E+00,-2.285176E+00,-6.756467E+00
+1.579300E+00,-2.315327E+00,-6.756166E+00
+1.580950E+00,-2.315327E+00,-6.756467E+00
+1.582600E+00,-2.350503E+00,-6.756668E+00
+1.584250E+00,-2.380653E+00,-6.756970E+00
+1.585900E+00,-2.390704E+00,-6.756668E+00
+1.587550E+00,-2.410804E+00,-6.757070E+00
+1.589200E+00,-2.445980E+00,-6.757171E+00
+1.590850E+00,-2.440955E+00,-6.757070E+00
+1.592500E+00,-2.531407E+00,-6.757573E+00
+1.594150E+00,-2.556533E+00,-6.757874E+00
+1.595800E+00,-2.576633E+00,-6.757372E+00
+1.597450E+00,-2.616834E+00,-6.757472E+00
+1.599100E+00,-2.652010E+00,-6.757573E+00
+1.600750E+00,-2.652010E+00,-6.757975E+00
+1.602400E+00,-2.692211E+00,-6.757472E+00
+1.604050E+00,-2.717337E+00,-6.757975E+00
+1.605700E+00,-2.727387E+00,-6.758176E+00
+1.607350E+00,-2.737437E+00,-6.757774E+00
+1.609000E+00,-2.797739E+00,-6.757774E+00
+1.610650E+00,-2.817839E+00,-6.757975E+00
+1.612300E+00,-2.868090E+00,-6.758075E+00
+1.613950E+00,-2.868090E+00,-6.758276E+00
+1.615600E+00,-2.903266E+00,-6.758377E+00
+1.617250E+00,-2.943467E+00,-6.758477E+00
+1.618900E+00,-2.983668E+00,-6.758477E+00
+1.620550E+00,-2.983668E+00,-6.758578E+00
+1.622200E+00,-3.003769E+00,-6.759080E+00
+1.623850E+00,-3.074121E+00,-6.759080E+00
+1.625500E+00,-3.079146E+00,-6.758980E+00
+1.627150E+00,-3.089196E+00,-6.758980E+00
+1.628800E+00,-3.099246E+00,-6.759080E+00
+1.630450E+00,-3.134422E+00,-6.759080E+00
+1.632100E+00,-3.154523E+00,-6.759181E+00
+1.633750E+00,-3.184673E+00,-6.759080E+00
+1.635400E+00,-3.199749E+00,-6.759181E+00
+1.637050E+00,-3.244975E+00,-6.759281E+00
+1.638700E+00,-3.255025E+00,-6.759482E+00
+1.640350E+00,-3.275126E+00,-6.759884E+00
+1.642000E+00,-3.300251E+00,-6.759683E+00
+1.643650E+00,-3.305276E+00,-6.759884E+00
+1.645300E+00,-3.330402E+00,-6.760286E+00
+1.646950E+00,-3.345477E+00,-6.760387E+00
